{"type":"Feature","properties":{"shapeName":"Victoria","shapeISO":"AU-VIC","shapeID":"82085004B60194602145168","shapeGroup":"AUS","shapeType":"ADM1"},"geometry":{"type":"MultiPolygon","coordinates":[[[[146.29286126605768,-39.15777789016995],[146.29493734553427,-39.15898753033055],[146.29606807563798,-39.156455230398755],[146.2940280560563,-39.15605435024571],[146.29286126605768,-39.15777789016995]]],[[[146.35623850689413,-39.13883625474291],[146.35954452605364,-39.140819234999846],[146.36775640464802,-39.14016211560451],[146.36831835467478,-39.13911111563983],[146.36031540632652,-39.13744420503659],[146.35623850689413,-39.13883625474291]]],[[[146.31047900293214,-39.15723998146806],[146.31309412228586,-39.158655541669866],[146.31542990211216,-39.1566111518302],[146.30893330409936,-39.14996104130993],[146.30663654420857,-39.1524773211554],[146.31047900293214,-39.15723998146806]]],[[[149.90579162626932,-37.56433846324896],[149.9063076957394,-37.567523493314944],[149.9101796548468,-37.569298503668314],[149.91634257376978,-37.56965749421509],[149.91842547358576,-37.56848845439165],[149.91616642469162,-37.56325741415849],[149.91811938436672,-37.56325440433104],[149.91808836465856,-37.56119836431513],[149.90952630750402,-37.551015283493406],[149.9049063186534,-37.548287273067885],[149.90871538703465,-37.555352333449584],[149.90821245668735,-37.558445383425],[149.90458851722354,-37.55892939310804],[149.90579162626932,-37.56433846324896]]],[[[149.84415514775534,-37.55559803775704],[149.84324257771155,-37.557007687685704],[149.84663849714178,-37.55703565798497],[149.84507406772678,-37.55470171783223],[149.84415514775534,-37.55559803775704]]],[[[144.6857898284342,-38.245743161271335],[144.68769593813462,-38.245397841397384],[144.68419302884456,-38.24455757115674],[144.6857898284342,-38.245743161271335]]],[[[144.6673549206421,-38.25546989009212],[144.66855497000796,-38.259375920196604],[144.66717004998193,-38.26188395011893],[144.67202502885635,-38.26435396046013],[144.67297997887002,-38.26266494051395],[144.67046997962686,-38.25976892032763],[144.66987400939254,-38.262912950306834],[144.6676780198692,-38.262095960154355],[144.66975596995198,-38.257927910268414],[144.6688029500099,-38.25895192021066],[144.66785494060412,-38.25500285012284],[144.67248185976473,-38.255199840434834],[144.67081596981762,-38.25743688033661],[144.6800107886795,-38.2529237709268],[144.68886484726292,-38.25154887151362],[144.69794451603218,-38.248089592103184],[144.70201539585094,-38.24311549234666],[144.69658795701494,-38.24122082196988],[144.68971985805763,-38.2428018415176],[144.6893495676988,-38.24672562151671],[144.68621063810073,-38.2481396513143],[144.68234769882687,-38.24773868105215],[144.67883373913685,-38.25061772083358],[144.67818870959064,-38.24747369077101],[144.68117856984486,-38.24023058092762],[144.6787255905641,-38.23758558074658],[144.66646093140702,-38.249850809997724],[144.66374497179729,-38.250682839820435],[144.66359097143726,-38.254269879832044],[144.6673549206421,-38.25546989009212]]],[[[145.21286381612634,-38.32890687778668],[145.2112236966661,-38.326672887659186],[145.2080747670732,-38.328009847448904],[145.20865796640746,-38.333041827520184],[145.21286381612634,-38.32890687778668]]],[[[144.66650382045702,-38.25857678005397],[144.6662899706552,-38.25709189003053],[144.66192508123595,-38.25886194974828],[144.6645410306466,-38.260034939931074],[144.66650382045702,-38.25857678005397]]],[[[145.27658425827568,-38.38755550257599],[145.2742855674853,-38.39820453248105],[145.2701369377583,-38.40231294221727],[145.26564378849946,-38.40280209190744],[145.27060960744018,-38.40439726226294],[145.2703856869511,-38.4090987522761],[145.2746257762118,-38.40899058257074],[145.27635303623606,-38.40605371267307],[145.28134119554284,-38.404359003010214],[145.27810875698196,-38.3966579727379],[145.27539833766255,-38.39487525253817],[145.28270486609864,-38.39727231306187],[145.28713940549713,-38.39563719336091],[145.3003164828401,-38.398505304297274],[145.3047419217114,-38.40156550462473],[145.31106212055442,-38.40189705506782],[145.3174031188584,-38.406975845541574],[145.31976867777777,-38.41284060574264],[145.3247647971019,-38.41098390608024],[145.32933747587512,-38.41467427642228],[145.33371583541842,-38.41184719671096],[145.3371872747445,-38.4123679369568],[145.34258800355386,-38.41443711734704],[145.3489006018188,-38.41989175782192],[145.35255750115445,-38.42003538807866],[145.35434165150608,-38.41412831816736],[145.3583657410451,-38.411899288435336],[145.35889382133868,-38.408474788451336],[145.36146857110504,-38.40650757861953],[145.37109423971145,-38.40375536927672],[145.37484650884298,-38.4055579895506],[145.37601724819538,-38.40944805965644],[145.37900593761114,-38.40993297986883],[145.37996139776368,-38.40709041991839],[145.38594929674645,-38.40670792033575],[145.3843868778082,-38.39977334018376],[145.39238355676773,-38.39645836072416],[145.39292857690572,-38.3943874507497],[145.38966196804327,-38.38944692049037],[145.3903729584077,-38.38511584051369],[145.4060926970268,-38.372749831540744],[145.41451167583924,-38.37008989211547],[145.4264669235478,-38.37165489296486],[145.43527393226873,-38.36920187356884],[145.44324363090823,-38.368773914126656],[145.44795388990167,-38.370304894467395],[145.4517666395328,-38.36761688471919],[145.45900261842777,-38.36608390521913],[145.4762577653372,-38.3664418364367],[145.48240586481768,-38.36145484683948],[145.50001671260222,-38.35357984803331],[145.50261876220637,-38.35301986821352],[145.50337694190785,-38.35446590827589],[145.50341585203594,-38.35327988827137],[145.49222093515942,-38.34320384741965],[145.49003892600626,-38.33914482724085],[145.48526677686618,-38.33899183690338],[145.47255772987023,-38.33229890596656],[145.46634197171485,-38.32571484548829],[145.4650398327175,-38.31890383535478],[145.4595469445183,-38.31157189492301],[145.45237575631938,-38.30684284438921],[145.44811084714993,-38.30615191408487],[145.42555863089453,-38.30821390251191],[145.41086595390885,-38.30447989145709],[145.39756576592265,-38.3074228905418],[145.38055179823164,-38.31356287938657],[145.37224264963294,-38.314140848807966],[145.3519987635324,-38.31124789737307],[145.34754774443567,-38.31020388705531],[145.33838576670482,-38.304413826379125],[145.3303656594771,-38.29235382574459],[145.3195717716474,-38.289986824976104],[145.31427475304017,-38.28590785458124],[145.31129467352446,-38.286275854375496],[145.30406084522377,-38.28250584384758],[145.2972669164786,-38.28200185337059],[145.28938401757165,-38.284651902837254],[145.28882994674734,-38.292868902849065],[145.29152670616358,-38.29383090304296],[145.28728880665022,-38.29615784276182],[145.28648682604316,-38.30282796274684],[145.29000980541883,-38.30284994299253],[145.2867068159423,-38.303380982765574],[145.28596086585722,-38.30531200272543],[145.28687985547634,-38.30725990280143],[145.29166588455928,-38.30790198313896],[145.29459183427292,-38.30585194333038],[145.29636084397816,-38.30569593345279],[145.297591873353,-38.30932694356091],[145.2953609235385,-38.311181973416716],[145.29741485340807,-38.30911495354727],[145.29570679408488,-38.30577392340766],[145.29219991443728,-38.30814895317772],[145.28829693513418,-38.30807900290522],[145.2872349351499,-38.30960901284058],[145.2827869647012,-38.320602842598014],[145.28243094361832,-38.330806862635754],[145.27917295274932,-38.34367182248761],[145.27351596219935,-38.35747476217813],[145.27350403140366,-38.36457669222079],[145.27759395944742,-38.3755429025728],[145.27553010918137,-38.381159832463425],[145.2711516797488,-38.3830083521698],[145.27583359868075,-38.38513465250889],[145.27658425827568,-38.38755550257599]]],[[[142.00870118938005,-38.41714523707214],[142.0141770288334,-38.41229311735094],[142.0076311200675,-38.4116971669795],[142.00043522123062,-38.41317526658412],[141.9934873321039,-38.417358396219015],[141.99613931157157,-38.41795536637144],[141.99782339091468,-38.421849416489216],[141.99617041105657,-38.423571456406684],[141.99846440065636,-38.42342243653459],[141.9987674204158,-38.42547145656382],[142.00771725933714,-38.41957230703132],[142.00870118938005,-38.41714523707214]]],[[[145.36607537917288,-38.41637562900247],[145.36851262843484,-38.41908180918969],[145.37210904796527,-38.417599739432525],[145.36943337877094,-38.414669369227184],[145.36951630912452,-38.411414409213066],[145.36607537917288,-38.41637562900247]]],[[[141.00296253892674,-34.021878545204956],[140.9976255498926,-34.0198876449157],[140.99468365011893,-34.02289173478322],[140.99344979969973,-34.03104279477291],[140.98977188021453,-34.03169482458697],[140.9872909707464,-34.02965977444534],[140.9854199512503,-34.0267457243295],[140.98553985167933,-34.02074469429632],[140.98045996281087,-34.015999614002645],[140.98675362227777,-34.01022365429001],[140.97532705409515,-34.00930749369357],[140.97587400415873,-34.00732949370883],[140.9808277336044,-34.00459254394678],[140.9805816939854,-33.99998251390379],[140.9763277648438,-33.99719643366575],[140.97066303566282,-33.997837363377435],[140.968764636038,-33.99669907327197],[140.96840173662775,-33.98951821320609],[140.97020074673574,-33.984367803265116],[140.96709513745418,-33.98109380308332],[140.963688948009,-33.98063640290455],[140.9618657997175,-34.095766343565714],[140.96444540957475,-34.49272929628884],[140.96562825030676,-35.0082439296805],[140.96623154099785,-35.38912873214824],[140.96310907367828,-35.748507344266635],[140.96410865247086,-36.01804100601581],[140.96853908963703,-36.55132211957211],[140.96901271026377,-36.79314753109142],[140.97198758778552,-37.066535092924816],[140.97092668485385,-37.22875282386094],[140.97387892537057,-37.462079675432435],[140.97212229476347,-37.71757467688506],[140.97357428446938,-37.718035656963124],[140.9720174937003,-37.7307387869589],[140.96580261795776,-38.0559849485865],[140.99081053317278,-38.05978563990672],[141.02851900545124,-38.07157424193853],[141.07870270466933,-38.09320796468726],[141.10056556972856,-38.10548386590507],[141.10549350879168,-38.10613983616725],[141.1501350790603,-38.12682758863488],[141.17989586230422,-38.14371946030309],[141.18443182139134,-38.144905440549394],[141.2277824314416,-38.170635192993515],[141.2620163132693,-38.19452614495048],[141.2952861350697,-38.22062713687419],[141.35761613922548,-38.274745260521655],[141.37958735303067,-38.30075535185248],[141.39211056913845,-38.319715452636515],[141.39769991650397,-38.33854059304829],[141.39014620714593,-38.34686777269269],[141.38351233812884,-38.34933791235179],[141.37164563959857,-38.357104131762334],[141.37156672940918,-38.35946216177212],[141.36833475990275,-38.360500201605284],[141.36553794999276,-38.36530330148413],[141.36643299964186,-38.367496311545075],[141.36462402974976,-38.3700283414633],[141.36409725924315,-38.376997421476524],[141.37432531655406,-38.38674341208192],[141.38916818382884,-38.3872572328803],[141.39490219258698,-38.38963920320193],[141.4011922309868,-38.3949961935712],[141.4132381786999,-38.39627405422553],[141.41388207902088,-38.391231994230175],[141.41082100987379,-38.38777099404519],[141.40938086080868,-38.37998591392161],[141.4048236922022,-38.3733969036378],[141.40707457217127,-38.36906383373287],[141.41881932054343,-38.36339160432999],[141.4343772280055,-38.36029237514808],[141.44733541572361,-38.35965260584178],[141.4610260530429,-38.36208308659392],[141.49920913472792,-38.37845175875281],[141.5192412801023,-38.39001560990557],[141.52847245713863,-38.40484062049379],[141.52557756727705,-38.409233700363046],[141.521228597907,-38.411012790138024],[141.5212776475758,-38.41469683016257],[141.52512766670665,-38.41667979038292],[141.52625577593824,-38.423127830482365],[141.5307438148229,-38.42660080074622],[141.53585176380753,-38.42765175102939],[141.53910775292454,-38.43101074122593],[141.54172476245054,-38.43102069136794],[141.54279373208772,-38.43295470143743],[141.5471537014935,-38.430742601660874],[141.55041665079048,-38.432032581845654],[141.55162655094108,-38.42782350188633],[141.5558674903121,-38.4262564421073],[141.55577343056973,-38.4235143920859],[141.55752838035554,-38.42234136217425],[141.55551234119312,-38.416947332032684],[141.55790010175116,-38.405670182095335],[141.5656899705296,-38.40356003250604],[141.56981275071408,-38.392977852667215],[141.573084650412,-38.38969175282556],[141.5792755594585,-38.3878266131512],[141.59065742735822,-38.388354443773835],[141.60292331474508,-38.39289835446908],[141.61161520306226,-38.3941952449507],[141.6148523925827,-38.39300661512019],[141.61725022151305,-38.40023621529403],[141.6264235093198,-38.40633066583098],[141.62814305954305,-38.40027907588888],[141.62551236041077,-38.39582263571871],[141.62797494017596,-38.39344503583902],[141.63523683897967,-38.39215093622799],[141.65026366619028,-38.393034837054756],[141.641432568658,-38.38312678651288],[141.64267148886168,-38.37828574655178],[141.6341605206534,-38.375372786069306],[141.63304450116908,-38.3718057459871],[141.62506538347336,-38.36197876549284],[141.62684439316786,-38.361806755588944],[141.62108834487725,-38.35417374522926],[141.62458011510495,-38.34443967536186],[141.62211618523668,-38.3479857252485],[141.62360005552367,-38.34168765529196],[141.60793746829464,-38.342258694440915],[141.6098161587913,-38.33275872448674],[141.5992261717253,-38.3210607138398],[141.6016274319857,-38.3131716839236],[141.6112383509893,-38.30482758439776],[141.63744852733046,-38.29283167575695],[141.6503814557545,-38.284325146413195],[141.65561636496875,-38.282565096689076],[141.66361011415066,-38.2755479570847],[141.669026023258,-38.27463790737584],[141.67953079196977,-38.26785075791089],[141.7021764485947,-38.26002447910653],[141.7047543683107,-38.258001449236],[141.70372940837248,-38.25938446918797],[141.7420209320569,-38.25309606125623],[141.7696516870597,-38.25354578278224],[141.80401044042864,-38.258798454712334],[141.84528007279326,-38.26139498701496],[141.881516795899,-38.26579755905529],[141.89988870217266,-38.27060038010722],[141.90354468147208,-38.27109835031398],[141.90351066158942,-38.269858330304665],[141.9295115461751,-38.27820207180546],[141.9703665673718,-38.29453665418863],[142.00267658014454,-38.310321356095436],[142.0366707021096,-38.331601088134256],[142.04450575006769,-38.338582088617265],[142.05015171886063,-38.340698058948064],[142.07381966322393,-38.35588399037394],[142.09832447794048,-38.36549485181614],[142.10601148614748,-38.369988802277916],[142.10586950603266,-38.37152583227907],[142.11307839472937,-38.371594742687556],[142.11972639329005,-38.37425669307997],[142.12419440214398,-38.3779986733555],[142.1268893717263,-38.37726364350383],[142.12969338096894,-38.3800266236793],[142.13645930968983,-38.38069954406698],[142.14345730789327,-38.38656552449907],[142.1458063770208,-38.39147353466174],[142.14723731693783,-38.38956749473156],[142.15338428562043,-38.39186843509432],[142.15476423551772,-38.39027941516319],[142.16295319389184,-38.39193533563832],[142.17348800217567,-38.389974186225515],[142.17932399093564,-38.39203911656985],[142.1808769506848,-38.39172711665634],[142.180339930915,-38.39027310661709],[142.1866558896251,-38.39194003698653],[142.18779891917356,-38.394614057067585],[142.1909458387602,-38.3929490072368],[142.1907448686902,-38.39410399723228],[142.19764081735627,-38.39511192763109],[142.20628364603073,-38.39261178810871],[142.20828567556777,-38.39372677822951],[142.21144321508856,-38.392759698403786],[142.21604458407424,-38.394781708678345],[142.21927651372837,-38.39222161884744],[142.22445444268462,-38.393436569150225],[142.22649439248298,-38.39164153925593],[142.23357929113655,-38.39241746966519],[142.23451632077763,-38.39448046973105],[142.2380412700317,-38.39569044993968],[142.24305516945532,-38.3921583502051],[142.24157125949927,-38.39457564013475],[142.24491133872476,-38.39645465033691],[142.25504300738902,-38.391176210884765],[142.25347751779228,-38.38985964078732],[142.25004907837112,-38.39027126059371],[142.2510850583784,-38.3881732106404],[142.24663811905137,-38.38955030039433],[142.24396415967814,-38.387971320232026],[142.24432905053084,-38.378018230193305],[142.25100987004657,-38.37024708052881],[142.2615346786784,-38.36457289109701],[142.28014744554082,-38.362326622149624],[142.28408440473797,-38.363357592381455],[142.2859663841109,-38.36648059250807],[142.28607340427484,-38.36450058250235],[142.29219025355633,-38.36038545282852],[142.2999872021814,-38.36010437327421],[142.309377010846,-38.3563082237906],[142.31696498914394,-38.35996515424844],[142.32796729743498,-38.35707965486367],[142.33448370614119,-38.35840790524647],[142.33686763615913,-38.35360084535486],[142.3439484850998,-38.351313705748744],[142.3725240401402,-38.34946927738471],[142.42075162949197,-38.37078165029986],[142.4532944717086,-38.39147029231023],[142.45539348115335,-38.39336928244343],[142.45381653118676,-38.3960383123679],[142.45687651070136,-38.39534726254135],[142.45928948010075,-38.397127262692095],[142.4630854494001,-38.39732120291369],[142.4643034490125,-38.39911919299521],[142.46719235852385,-38.39879117316103],[142.47165936720404,-38.404297083453564],[142.47277834725142,-38.401648093502715],[142.47482632679873,-38.40254806362714],[142.47468831665824,-38.40430905362966],[142.4806042058696,-38.401378973956014],[142.4760662666246,-38.40202804369609],[142.4762002269569,-38.39823103368113],[142.47886811677927,-38.39501399381693],[142.48578398568793,-38.39339790420942],[142.49218689449387,-38.393857814584706],[142.49990485283644,-38.39673269505122],[142.5090328105739,-38.40334158562248],[142.5275314769969,-38.40600935671701],[142.5633250090522,-38.42199106890371],[142.58458381384102,-38.43664886023593],[142.58738172335947,-38.43641783039847],[142.5984646805251,-38.44528073110118],[142.60134464002988,-38.44503668126861],[142.60320767938768,-38.448272671397284],[142.61512152682528,-38.452674562122766],[142.61752855603044,-38.456481542286895],[142.61935954572408,-38.45623651239294],[142.62221851491128,-38.45937348257965],[142.62635644411557,-38.45990645282591],[142.6443683898167,-38.47099951395129],[142.6629073152644,-38.48372664511884],[142.6680262938317,-38.48907664545248],[142.6705172732571,-38.49039363560716],[142.67300026292966,-38.48913563574599],[142.67408427248014,-38.49179867582584],[142.67677724211373,-38.49055270597715],[142.67510331210502,-38.49380470589792],[142.67807529165583,-38.49289874606774],[142.67743333159473,-38.49475073604096],[142.679382281393,-38.49318375614651],[142.68403432036965,-38.4951198164325],[142.68662135956387,-38.498672866606405],[142.69018737879705,-38.49996992682461],[142.69056543840136,-38.50339693686744],[142.69609142742655,-38.50317199719232],[142.694959457352,-38.50608598714293],[142.70067947599958,-38.509442077500786],[142.69992951585368,-38.512381077474096],[142.7061375047892,-38.511805097837374],[142.70806452420734,-38.51425308796588],[142.72063059132492,-38.52068311874728],[142.74710213464982,-38.54046952043285],[142.74954107387902,-38.543910420597975],[142.75397596291108,-38.545651330871266],[142.75701689198732,-38.5495492210749],[142.76039277137676,-38.54956018127516],[142.76890883920117,-38.556190081820084],[142.77293380835505,-38.557429022066415],[142.77615988738125,-38.56149097228224],[142.7791897969027,-38.56077795245791],[142.7779538669155,-38.56296196239758],[142.7799718365855,-38.56260393251529],[142.78432983554907,-38.565190902789624],[142.78766388456893,-38.56911088301118],[142.79040784409838,-38.56884985317269],[142.7914758736712,-38.571278863250704],[142.79634479294498,-38.56968882353067],[142.79565687282093,-38.57226284350516],[142.80038482176957,-38.57430579379855],[142.80266783137563,-38.57411378393319],[142.8042558013275,-38.57163978401287],[142.80760777073328,-38.57152275421161],[142.81566674874674,-38.57701556472419],[142.81613672842673,-38.579448544766734],[142.81884071821702,-38.57656254491048],[142.82300368747846,-38.576422475157614],[142.82449566687416,-38.5798844152672],[142.82813065612177,-38.580872355489696],[142.8251967162802,-38.584716415337866],[142.82837772548157,-38.58702937554124],[142.83250372462322,-38.58819332579414],[142.8399065833632,-38.587388226230736],[142.84525054213955,-38.59005016656545],[142.8459275818494,-38.591782176616206],[142.8474655416277,-38.591201146704506],[142.84744357150902,-38.59246715671076],[142.85233946068738,-38.59181410699907],[142.85330248024374,-38.594595137073185],[142.8591323687954,-38.59866319744562],[142.8574934389329,-38.60030118735753],[142.85867140860643,-38.60147118743488],[142.85713946886375,-38.60167418734461],[142.8587784583707,-38.60370220745461],[142.85763750842432,-38.60527618739589],[142.8604893980106,-38.60422522755993],[142.86027846790535,-38.60570322755616],[142.8653772969768,-38.60577074786117],[142.8664282069764,-38.603816277912266],[142.86919314647577,-38.60382330807754],[142.87185410588202,-38.60498331824353],[142.8731171151528,-38.61014137834987],[142.88180083377162,-38.608193418857496],[142.88620174291526,-38.60881642912452],[142.88878470225436,-38.61081048929101],[142.89220661174977,-38.6096354794888],[142.90065644017147,-38.61015251999785],[142.90680029872019,-38.61364859038684],[142.90682832850615,-38.61579563040134],[142.9081533183603,-38.61483261047498],[142.91099429750116,-38.61837867066644],[142.91343723711597,-38.6177966408094],[142.91544816656298,-38.61973966094159],[142.91942911597857,-38.61834759117197],[142.92008804603702,-38.61652456120059],[142.9204650958016,-38.618240591233466],[142.92145307571843,-38.61726057128687],[142.9227780253363,-38.61872257137509],[142.92156319542514,-38.62006572131025],[142.92428014506373,-38.61873174146524],[142.92699023427778,-38.62176572164601],[142.92980109382407,-38.62120467181133],[142.93181925325945,-38.623250741944695],[142.92985223353637,-38.624059741831466],[142.9370320719192,-38.627322702282],[142.93766027228193,-38.622440732290535],[142.94445416087163,-38.6242996927097],[142.94789038069385,-38.61975468288899],[142.97488030526566,-38.62534971454581],[142.9823700640061,-38.62437870499104],[142.9870911233994,-38.62185475526035],[143.01538423802532,-38.624486706982495],[143.02122021683206,-38.62589268734332],[143.02255509633184,-38.628529677439715],[143.02618819564015,-38.6288827576613],[143.02933818491178,-38.630498707861285],[143.02837520501467,-38.63122474780744],[143.03006216476027,-38.630708687906306],[143.0287143248847,-38.6319236778321],[143.03696803339685,-38.63187372833069],[143.03909638282795,-38.63374571847057],[143.03823235268433,-38.63679671843658],[143.0403081122777,-38.637113698564],[143.04098204193087,-38.63940168861845],[143.04351533163856,-38.63771372876157],[143.04485637121704,-38.639533728853586],[143.04800420068574,-38.6391457290417],[143.05336422957706,-38.640559719374515],[143.05365224938708,-38.641960759400334],[143.05503607919343,-38.64138473948065],[143.05602715872124,-38.64436068955845],[143.0581741982708,-38.64499068969221],[143.05499610856367,-38.647856749516954],[143.05893916786567,-38.64769969975474],[143.0603381778058,-38.6457366998277],[143.06032014765742,-38.64727669983582],[143.06589004667111,-38.64705871017189],[143.0653191066702,-38.64811675014362],[143.06984105600316,-38.646582710408424],[143.06818005611058,-38.64854273031951],[143.0716122555921,-38.64750267052128],[143.07107227545552,-38.649879760502756],[143.07503226487128,-38.64853767073473],[143.07668611433922,-38.65089974084913],[143.08083908357736,-38.651004761101575],[143.0804063433279,-38.654328731095205],[143.08319706293145,-38.65322776125786],[143.084044152618,-38.65485173131896],[143.08617210226322,-38.65454474144621],[143.08706635187616,-38.656826671514104],[143.09463101035612,-38.658356681982305],[143.10311802828463,-38.66377774253004],[143.10411629780563,-38.66679669260873],[143.1058212475567,-38.66619271270868],[143.11175910619608,-38.66908270308674],[143.12298603340182,-38.676780763815295],[143.15103831596258,-38.70057172566523],[143.1547211247044,-38.70652369592524],[143.15789524413324,-38.70648175611847],[143.16403899253774,-38.71133374652208],[143.18561128639124,-38.73380270797297],[143.18964114562428,-38.734163698221295],[143.19031719490235,-38.74018072829853],[143.19614416373904,-38.74124471866097],[143.196525043379,-38.74416377870168],[143.20152003229697,-38.745925699017576],[143.2153281985482,-38.75837971993664],[143.21996427751833,-38.76026477023168],[143.22450312676904,-38.75951669050513],[143.2252681664875,-38.76094472056051],[143.23097701532672,-38.76218870091764],[143.23296999454163,-38.76642276106504],[143.23859931336418,-38.7679757014193],[143.24911313145265,-38.76799973206417],[143.25970214903407,-38.772950722743516],[143.25763825963543,-38.77068875260332],[143.26587830829627,-38.76912078309986],[143.2648652887749,-38.766179763020084],[143.26739316862657,-38.76307970315682],[143.27149824777155,-38.76417573341553],[143.2733911377192,-38.76126971351447],[143.28015411632552,-38.762926703939996],[143.28048710666712,-38.75891773393652],[143.2964030741402,-38.75531576489389],[143.2963270843246,-38.75361574487908],[143.3021752936099,-38.75016570521841],[143.31270207157743,-38.751388695873985],[143.32754125830166,-38.7571947068233],[143.33069521795008,-38.7550017470047],[143.33440102712578,-38.75651277724232],[143.33909112644812,-38.75479170752144],[143.34757201481074,-38.75577377805083],[143.34741218499576,-38.754224698031706],[143.3516972441021,-38.75537975830324],[143.35659506335907,-38.75393670859718],[143.37305604979204,-38.759699759649244],[143.3948799846861,-38.77105074106797],[143.4017710729012,-38.776335711526514],[143.40152126256004,-38.78015676153387],[143.40313909218378,-38.78097378163901],[143.40540205192252,-38.779495721770445],[143.40829428106824,-38.78274976196919],[143.41396897008198,-38.7823167623185],[143.4158031598933,-38.78089171242377],[143.42020524888423,-38.78296574270926],[143.42281021853466,-38.78174878286365],[143.42869295730557,-38.783340783238316],[143.43344996584796,-38.78920176356872],[143.46412126828358,-38.80884678559285],[143.46795810700058,-38.81460975586608],[143.49204394042113,-38.83623675749572],[143.49384499964086,-38.84067870763454],[143.49283197949876,-38.843879737590484],[143.4993490479898,-38.84705376801587],[143.50220312722652,-38.84944677820821],[143.5026740168249,-38.85254376825607],[143.51092520481106,-38.857566758801006],[143.51868499364855,-38.85512675927099],[143.5275032119475,-38.85607473982757],[143.53850121016384,-38.85395371050248],[143.54057191968826,-38.85492076063777],[143.54361824928742,-38.853422710819395],[143.549855228111,-38.8538337412121],[143.55394194717707,-38.85569575147905],[143.56152824654586,-38.848387751910465],[143.5606530870022,-38.84548578183831],[143.56489314626052,-38.845200752102215],[143.5796139245306,-38.83597071296976],[143.584316954252,-38.83035275323117],[143.58314409485638,-38.82653575313478],[143.58565796488398,-38.821811743264234],[143.59525304379932,-38.815395743828006],[143.59712899388137,-38.811274713921144],[143.61603691206872,-38.79549575501453],[143.62221307125472,-38.79251072538497],[143.64013423819551,-38.79064771650141],[143.64643315698885,-38.7912727569018],[143.66601773466277,-38.77936582806479],[143.66420868520473,-38.77728583793826],[143.6667013456775,-38.76830180804164],[143.6799469740475,-38.76082477883255],[143.67459016521508,-38.758907718483],[143.67472287537026,-38.757166678480935],[143.67205790580925,-38.75759071831535],[143.67041919664308,-38.75237071818069],[143.67379709677516,-38.74514173835047],[143.6815515561606,-38.73747353879387],[143.7046239329542,-38.728071810195026],[143.7094702221283,-38.72757978049851],[143.71105819206844,-38.725373780585706],[143.71684698099642,-38.725616780953345],[143.72266712029233,-38.722237741301385],[143.72665590961796,-38.72178279155115],[143.7266839798949,-38.71904876153652],[143.72856102968595,-38.71778481164778],[143.7499950262905,-38.71314279297801],[143.75672814573988,-38.70669374336632],[143.7607651950033,-38.70676277362285],[143.7643792045524,-38.704807803840446],[143.76863514361168,-38.70646874412056],[143.77238201311764,-38.70469979434783],[143.77478104260612,-38.705454804504704],[143.77665305257224,-38.70251280460593],[143.79439099987619,-38.697605735703725],[143.80180698851328,-38.697833786176766],[143.81041598745827,-38.69301275669565],[143.81492392657208,-38.69370979698683],[143.81902794601896,-38.6918977472373],[143.8249571148157,-38.69317881762268],[143.83701390268047,-38.69277974838876],[143.84093104223737,-38.690236798623275],[143.83996587320533,-38.68259076851576],[143.84215288318453,-38.6789897586336],[143.86623221960275,-38.67165477012655],[143.86349114032063,-38.66950377993852],[143.86307899067407,-38.666817819896046],[143.86487610090606,-38.66146675997865],[143.87096620029266,-38.65680476033968],[143.8702901405753,-38.65525776028718],[143.87317912037417,-38.6521827204533],[143.88396398889205,-38.64774572111609],[143.88730122874568,-38.64337173130321],[143.8942819576846,-38.6414838117385],[143.89145415885406,-38.63513781151934],[143.89928920797152,-38.630058741990204],[143.90317215735269,-38.629287812234175],[143.91027709671974,-38.62308078265183],[143.9163431365594,-38.6141347729866],[143.91571887692456,-38.61170578293196],[143.92158508693632,-38.601456743246196],[143.91954389777416,-38.596933813088086],[143.92307187753946,-38.5930947632911],[143.93401012610624,-38.587975743961756],[143.9382120458331,-38.583347764203474],[143.94506104487272,-38.580753784627454],[143.94866688464967,-38.57667731483439],[143.96016303268956,-38.57566978556683],[143.96670390241778,-38.56701276593503],[143.97197421148937,-38.56684093627289],[143.97435386123087,-38.565223736416186],[143.97686659123022,-38.56090718655177],[143.9770135416443,-38.556685916535734],[143.97546412203098,-38.555644776429766],[143.98347517074959,-38.55414680693619],[143.98684190074138,-38.548437767118415],[143.9771420630971,-38.54253879645858],[143.9797340737039,-38.53226277656326],[143.98892988327015,-38.52061548708474],[144.0013351420954,-38.51056979782299],[144.01231587151804,-38.49725978845025],[144.01806217095918,-38.49275881879358],[144.02414008003848,-38.49115680917598],[144.03049370938123,-38.48656294955824],[144.03094695952325,-38.48442778957457],[144.033276069045,-38.4850157697285],[144.03329661963298,-38.479353899695546],[144.03650350943457,-38.47576184988086],[144.0456659181501,-38.47237075045218],[144.06651314480007,-38.46875581177815],[144.10476363791005,-38.46924221425882],[144.11005011778016,-38.46147482455468],[144.11762433679743,-38.457942005024776],[144.1200041073118,-38.44899181512502],[144.12529499667153,-38.44608878545093],[144.12823010683016,-38.43958582560213],[144.13230818655347,-38.43528679584097],[144.14780005430467,-38.4303698368181],[144.18402217801778,-38.42868573916611],[144.17932309912152,-38.426166838844594],[144.1805931896605,-38.418895818883236],[144.18732407892668,-38.41446377929505],[144.1929091579111,-38.41464978966034],[144.19462308809221,-38.410029829744076],[144.20002811748338,-38.40666175007621],[144.225266993795,-38.39897981167754],[144.254019129044,-38.39545884353673],[144.25157619022536,-38.3883977933339],[144.2566388499223,-38.38273382363091],[144.265856988523,-38.38044476422075],[144.2726278879361,-38.37459683462886],[144.27951609694955,-38.37233378506665],[144.28570415635056,-38.36758781544363],[144.2890600764526,-38.360981815623596],[144.29675686560935,-38.35601480609848],[144.29774003583373,-38.35224380614006],[144.30348600523544,-38.348244846492975],[144.31003297435487,-38.34556976690671],[144.31883316278663,-38.3456067674852],[144.3200791229482,-38.341992807545104],[144.32744953183217,-38.34016391801856],[144.3256861025659,-38.33619879787846],[144.32822592264324,-38.33121180801512],[144.32721107313355,-38.328286807930574],[144.33229224276548,-38.32324479823407],[144.3708859172181,-38.31095281070107],[144.37788712652073,-38.30582239113157],[144.37646307711762,-38.30258239101788],[144.3901248051804,-38.29800630189156],[144.39805964387568,-38.297041272409665],[144.40602190299728,-38.29202481290512],[144.41339833182207,-38.2907781333851],[144.41785122145694,-38.28679209365524],[144.42560696031327,-38.284621784155036],[144.42862405009865,-38.28161601433633],[144.439499958161,-38.28171197505692],[144.4755564711051,-38.28795274748542],[144.49989915652128,-38.29047655911767],[144.50173510630106,-38.28949453923372],[144.49697408745226,-38.28661978889972],[144.4948835882512,-38.28261356873635],[144.49876006747053,-38.28349148899934],[144.50843778668863,-38.27477732958956],[144.52557241402528,-38.27131311070854],[144.53871522166557,-38.27161799158574],[144.56906974568327,-38.27728186364474],[144.6138851661375,-38.29223968673184],[144.6161860562152,-38.28773763685838],[144.6148780469078,-38.28345978674467],[144.62017882678407,-38.27589946705339],[144.6299181253652,-38.27307081768846],[144.64428141296796,-38.2717312586431],[144.65978226999098,-38.27389915969637],[144.66417412989773,-38.26756904995253],[144.6722519487189,-38.265254780480895],[144.66677103001547,-38.26222697009425],[144.65804615142585,-38.263457039516005],[144.65570420162092,-38.26548707937124],[144.64862729275782,-38.266553138902935],[144.6423864135181,-38.269740228503856],[144.632989595177,-38.269775307874156],[144.6342618753026,-38.266522777939535],[144.63702744486028,-38.26608723812224],[144.62535905792373,-38.25681582728368],[144.6239961080926,-38.25748578719649],[144.62709787802774,-38.252995787376804],[144.62317711888744,-38.251451827104724],[144.6248129386558,-38.25091678721104],[144.62386182893556,-38.249880787141],[144.62696899846165,-38.24917978734484],[144.62934102774054,-38.251979787520874],[144.63662492747093,-38.242530857951216],[144.6443361367584,-38.23649679843131],[144.6446899669492,-38.234146818440635],[144.66212980568292,-38.21732077950785],[144.66616002575577,-38.210048779733924],[144.6738561247338,-38.206929830231736],[144.67784780454235,-38.202175840470815],[144.68658791351044,-38.19744896102932],[144.69395280254815,-38.19432887150549],[144.6974397617157,-38.196340871752376],[144.69685795153296,-38.19898284172943],[144.70155185064365,-38.19954916204872],[144.7033987901055,-38.20151388218505],[144.69964997947525,-38.21346508200599],[144.69399511008692,-38.21704220164746],[144.69541181972608,-38.218066791749024],[144.6985110692756,-38.21717217195205],[144.69574914948487,-38.21974722178201],[144.6987440890348,-38.21901917197905],[144.7018819588192,-38.21588910217102],[144.70091802858775,-38.2196041621289],[144.70637681864025,-38.21020697243875],[144.71241643992425,-38.18847559271224],[144.71963618029827,-38.173242403105135],[144.71621408198652,-38.163200342813035],[144.7160410027061,-38.156822282762256],[144.717210903301,-38.14940787279557],[144.72020579307502,-38.14661822298019],[144.71461889445422,-38.142954862581405],[144.7063376972928,-38.130158211945314],[144.69985770868354,-38.127835281494974],[144.69222866087537,-38.119953330933384],[144.66541485645396,-38.1119438290824],[144.6499118190941,-38.112749788046926],[144.63138799292977,-38.107371826772074],[144.62632497331603,-38.112071806461735],[144.59458482709073,-38.12896380444141],[144.56575913982672,-38.15082975265009],[144.55797792076854,-38.15484484215554],[144.55056346204358,-38.1551429716629],[144.52704815564098,-38.16027481012764],[144.520487026882,-38.159487339686095],[144.50538533928452,-38.1619295086965],[144.49794244069633,-38.16099958819606],[144.48981557187025,-38.16343373767102],[144.47814174381918,-38.16446892690222],[144.46874887562825,-38.16304000627019],[144.46033992746553,-38.159713035692135],[144.44282909163834,-38.14950897446928],[144.43270005446647,-38.13969082373852],[144.42560409740253,-38.123799783171606],[144.4185808768766,-38.140435832808954],[144.4191785660715,-38.1470348928889],[144.4166048356473,-38.1553158027694],[144.40264588809606,-38.155445101847576],[144.39456720014195,-38.14958434127812],[144.3887739912604,-38.148672140890085],[144.38480604253488,-38.14324176059494],[144.37393521408805,-38.14668421989888],[144.3685790550513,-38.146509839544635],[144.36517203583108,-38.14481782930971],[144.35562298832122,-38.137187818633784],[144.3583021593625,-38.12285203872251],[144.35991384914752,-38.1221977888247],[144.36008412985672,-38.11519577879303],[144.3665879092709,-38.10989184918916],[144.36519700972238,-38.10793580908549],[144.36097593059742,-38.10668990879969],[144.36161191065077,-38.105122878832],[144.3673578496769,-38.104761779208474],[144.37196377924295,-38.10118964949025],[144.37632516849672,-38.1009837797766],[144.38158116795634,-38.097338780100976],[144.3832426082025,-38.092240330179344],[144.38257651892764,-38.086485300100115],[144.384529958698,-38.08540479022239],[144.3833054590754,-38.083872260132196],[144.38875706882976,-38.077116790450546],[144.39794896756302,-38.0738032110371],[144.4068513151917,-38.081420721671925],[144.41352625369427,-38.08447468213183],[144.443264548274,-38.08625279411046],[144.4434950479988,-38.08846578413929],[144.44148064823543,-38.089576894012716],[144.44484652740883,-38.091786994249176],[144.45068116721046,-38.08397877458783],[144.45389991686326,-38.081914744788456],[144.4578367661329,-38.08227177505158],[144.45670975649742,-38.080704754967265],[144.45788761660324,-38.077754685027244],[144.4640224256362,-38.07670170542752],[144.4666613350746,-38.077620715608184],[144.46689636465993,-38.08113774564535],[144.47091822369873,-38.0835287759268],[144.47811605315178,-38.076760706362904],[144.481510962448,-38.07776669659444],[144.48299997196122,-38.07988372670628],[144.48301994216754,-38.07790870669549],[144.4851749316096,-38.07959370684891],[144.48558892168631,-38.07818668686775],[144.48743688135292,-38.078266676990964],[144.4944858693964,-38.08500974750058],[144.5037347774003,-38.088482748136556],[144.50685184653145,-38.09149476836227],[144.51023166633226,-38.08778168856424],[144.51165038763745,-38.07317753856897],[144.51694109825317,-38.05865634883174],[144.51789998867355,-38.05312328886156],[144.51662099916408,-38.05062427876113],[144.51752301870877,-38.05341429883827],[144.51549916823393,-38.06121739875154],[144.51201918908188,-38.05899437850641],[144.51391510918927,-38.0548543386071],[144.51244907977232,-38.051794308490784],[144.5156979898616,-38.0455912386688],[144.5343796668616,-38.04296107989616],[144.53935458636462,-38.03942800020583],[144.53672964661993,-38.04135704004281],[144.53429571671236,-38.04450106990002],[144.5205279587055,-38.04848622900794],[144.51710596930351,-38.048513258780424],[144.51925297886572,-38.049084248926775],[144.53368671676697,-38.04499209986248],[144.5353686765896,-38.0438850599677],[144.5366706665967,-38.04167203004082],[144.53891756636088,-38.04018301018135],[144.55073736472684,-38.036048850943665],[144.55866924317723,-38.037527811481695],[144.55877024341635,-38.03511878147363],[144.56203918307716,-38.03292074167818],[144.56749896320196,-38.022769621980075],[144.57543278205588,-38.02046959249555],[144.58098067203926,-38.01150845281091],[144.59158389093602,-38.00443240347582],[144.6230798058779,-38.000123095556354],[144.63306864394707,-38.001814086235846],[144.65164532071313,-38.001624997480135],[144.6883468672904,-37.97362282977238],[144.6942012161739,-37.97448251017135],[144.70237403510237,-37.971146440700586],[144.70792787478487,-37.96505735103682],[144.72161052349838,-37.95476415189472],[144.7233604035508,-37.95143010199205],[144.7292212428175,-37.948723012370294],[144.73559213230644,-37.94312188276522],[144.74404393124607,-37.93925275331132],[144.7536516795802,-37.93913870395893],[144.76103441848505,-37.937333624446225],[144.77384190712803,-37.929168425261004],[144.79283960401014,-37.92732836653424],[144.79608350381935,-37.92384732673225],[144.79917545335417,-37.923157316937235],[144.7970194043266,-37.91762927675718],[144.79795628549329,-37.90529214674437],[144.8010361556903,-37.898483066910764],[144.80764196531626,-37.891270957313445],[144.80774083644624,-37.88062980725436],[144.81439562587974,-37.87513073767108],[144.8251922944523,-37.87093066837676],[144.84043702174364,-37.87143057941371],[144.85037477082346,-37.8639303300418],[144.85619067986596,-37.86342224043357],[144.8616715593004,-37.85982816078363],[144.86112554930173,-37.860695180751904],[144.86858746821886,-37.85869906124658],[144.87465149683794,-37.86170999167742],[144.87444253667212,-37.863578971674784],[144.87862656545795,-37.868069891987076],[144.87954950547598,-37.866418912039634],[144.88268248500057,-37.86577289224873],[144.88505552431752,-37.86826685242559],[144.8921564231546,-37.8675918529046],[144.9008013711498,-37.8722068235217],[144.90425934051478,-37.87251181375909],[144.91552999931014,-37.86552982448381],[144.9115609903776,-37.862054814191815],[144.90363016182286,-37.86145286364781],[144.90204806287255,-37.85430487349582],[144.89528312468786,-37.8484079029987],[144.89798707430216,-37.84762689317796],[144.89938506384058,-37.84964387328561],[144.905598972535,-37.851718873721666],[144.89966206385338,-37.849080883301006],[144.89722401481683,-37.84409890310416],[144.90078002372022,-37.84851487337362],[144.9038979930176,-37.84999485359513],[144.90072801374598,-37.84836087336913],[144.8994190442699,-37.84562487326304],[144.90119400379768,-37.847134883393274],[144.8971540049979,-37.842538893089724],[144.89917110488057,-37.84038279321372],[144.90721891249223,-37.84951283381834],[144.90297686431973,-37.839451353467105],[144.90648639371912,-37.839362943705616],[144.90630617349936,-37.84168131370768],[144.91264439149737,-37.84998580419094],[144.91732877095748,-37.8474504044945],[144.91340967223474,-37.84195381419336],[144.9185305515914,-37.83967477452827],[144.92691843009555,-37.840021695102365],[144.92524548984926,-37.84497471501893],[144.92717071991152,-37.84131404512756],[144.93073600918513,-37.84229667537684],[144.9298624087932,-37.84730967534829],[144.93189735887591,-37.843285815462195],[144.93559823831401,-37.84253460571007],[144.96332192209005,-37.85545433768348],[144.97031393029542,-37.860773828194446],[144.9711441198826,-37.86324081826649],[144.96968681999087,-37.86457587817511],[144.9756551583196,-37.870391438619286],[144.97311924853415,-37.87247448845873],[144.9755092974483,-37.8786284886603],[144.9773188271287,-37.87867087878435],[144.97574731735304,-37.87912249867965],[144.97566435704246,-37.882107508692435],[144.98284638512916,-37.8881944592215],[144.98591745405096,-37.893181449462546],[144.98338760358615,-37.901488499340786],[144.98568162241216,-37.908591479541734],[144.98479774204688,-37.9133535095107],[144.98741275086948,-37.9199705197306],[144.98553197051513,-37.926224649640524],[144.9979581470468,-37.938148160565085],[144.99912665645954,-37.94165881066683],[144.99215642785578,-37.940007000179236],[144.99313079723385,-37.944146580271536],[145.0012991650939,-37.95068973087145],[145.01023217238637,-37.96119673154857],[145.01143028148627,-37.967513761669714],[145.00932935164278,-37.96943682153758],[145.01795049878532,-37.98179077220497],[145.02699147652132,-37.98804171286377],[145.03076849514474,-37.994581743163366],[145.0379214336917,-37.99643363366584],[145.0430132533991,-37.99098847398191],[145.05141416240036,-37.98671328453266],[145.06222003006113,-37.99082811530088],[145.07710066626285,-38.00173597639193],[145.08415108399663,-38.01113900693534],[145.08616387367965,-38.010822007071965],[145.09061501244855,-38.014938977403936],[145.09952308957787,-38.02686494809131],[145.11278940449031,-38.051961919160775],[145.11959406095414,-38.073205939761195],[145.1256176200716,-38.07164333016727],[145.11979883082114,-38.07408580978074],[145.12387850819496,-38.09138796016892],[145.12450958624612,-38.10801816031492],[145.1224946443748,-38.12813750029972],[145.1176361634631,-38.14409176006264],[145.11226040352082,-38.152106939741095],[145.10331662461806,-38.15639610915074],[145.09695486498836,-38.16316027875387],[145.0932519755235,-38.16420835850515],[145.0912049760603,-38.16260736835427],[145.08755611652307,-38.164224458112884],[145.084033896392,-38.17101580791207],[145.07829803708555,-38.173868797534695],[145.07396292714128,-38.18026779727565],[145.07128488667675,-38.18873987714341],[145.06169410699002,-38.201188486560135],[145.04495772859045,-38.21339182548466],[145.04116406929663,-38.21304887522195],[145.0354260101004,-38.21492680483943],[145.03387980068285,-38.212115844716],[145.032425750879,-38.21265989461951],[145.03354283020707,-38.21696782472266],[145.0317997403425,-38.21852481461254],[145.03169786980507,-38.22355987463645],[145.02891396998282,-38.226396864462764],[145.02550798057266,-38.2264928742296],[145.02569700968124,-38.234272854290296],[145.0276168692527,-38.23508886442706],[145.02859572864682,-38.239015844518335],[145.02827339785296,-38.24672501454349],[145.02561557759194,-38.25333907440164],[145.0153761581424,-38.264728303769],[145.00805195884004,-38.27012686329988],[145.00131672994834,-38.270861792842744],[144.9997309494952,-38.277511802774825],[144.99344605001187,-38.282895882377254],[144.98283575039844,-38.296399841733425],[144.9836310100436,-38.29834384179977],[144.98982878873142,-38.30030671223614],[144.99433273747744,-38.30445583257001],[144.99315696707242,-38.310011812523484],[144.98839272717757,-38.31669782223813],[144.97916987796629,-38.32434187165353],[144.96850380919372,-38.330331820960446],[144.92317979513854,-38.34924279798038],[144.85093502580702,-38.36873381318236],[144.83672907814537,-38.370393872228135],[144.81468987225887,-38.368535830722294],[144.81100491310895,-38.36673987046165],[144.774552770371,-38.35945679795028],[144.76673896209346,-38.35637186740335],[144.76234801335707,-38.35192280707956],[144.7635338935389,-38.34832281713769],[144.74554571764727,-38.33988315587164],[144.7443136980397,-38.33828415577875],[144.74569481804951,-38.33594287585765],[144.7421954188031,-38.33471769561404],[144.7398746795561,-38.3315759854383],[144.739090980445,-38.32467683534329],[144.73414852156094,-38.322467254996475],[144.72312953371625,-38.32060043424227],[144.71827792490046,-38.31761085389712],[144.71559593524663,-38.318799823723715],[144.70734905681834,-38.31778184316216],[144.70485577753757,-38.31522359297869],[144.6802302929856,-38.305205511261114],[144.6672065449761,-38.30813254040401],[144.65523568741975,-38.305146489582135],[144.6528068982436,-38.301504799396916],[144.65191374812534,-38.30406347935261],[144.66193766568117,-38.310244540063124],[144.66211571548234,-38.31179156008452],[144.66604165474814,-38.31214756035031],[144.66980666360004,-38.31659261063031],[144.67339161290386,-38.31715462087457],[144.6747646723651,-38.319883630983476],[144.67795262182628,-38.31964163119623],[144.68474457006354,-38.32480169168426],[144.68819144937072,-38.325556691920625],[144.69034852863223,-38.32884272208575],[144.72492716057127,-38.346619534522276],[144.7276451301455,-38.34610148470231],[144.73203279885618,-38.350802855026814],[144.73599676798182,-38.35237684530372],[144.73636395770166,-38.35435379534055],[144.7382550174907,-38.35320881546112],[144.7391759171921,-38.35445180553083],[144.74175496679098,-38.35393386570164],[144.74351284584748,-38.359737865855664],[144.75237278381854,-38.363933856479235],[144.75331886324244,-38.367681806565976],[144.76011278172118,-38.37057683704243],[144.76410807057877,-38.37455187733656],[144.76706979011374,-38.37399485753327],[144.76741682977226,-38.37656184757238],[144.7714880788592,-38.37830683785816],[144.78437896534825,-38.38950383879808],[144.7883360746139,-38.38979282906753],[144.7872560747071,-38.390695788999984],[144.7887547342558,-38.392390849111706],[144.79893304154515,-38.400650789850964],[144.83857981125038,-38.43031478271922],[144.84644905890963,-38.43889386330569],[144.86938394282407,-38.45714587497522],[144.87677581032906,-38.46786584554322],[144.8866588675413,-38.47720381627258],[144.88382099653077,-38.49096579616322],[144.8868597656668,-38.49389286638785],[144.88726188505004,-38.49883882644533],[144.8903960645506,-38.49830286665542],[144.888510695108,-38.49629379651485],[144.89449176457342,-38.49147582689274],[144.90150889331312,-38.491567807371254],[144.90273974323358,-38.490300877447396],[144.90641387248925,-38.491114837702696],[144.91115796185105,-38.48923985801462],[144.91464677111384,-38.49028875825885],[144.91492881079185,-38.492750738293076],[144.91954269975525,-38.49469486861953],[144.9186468096599,-38.497003648572495],[144.92440372859235,-38.49738252896746],[144.92481205864485,-38.49624878898842],[144.93239795745558,-38.494780819497116],[144.93741557630878,-38.49706929985357],[144.93634948681716,-38.49418833976325],[144.943491405443,-38.49511019025653],[144.94270632600777,-38.491267200179514],[144.9488191652212,-38.488535110580436],[144.95283916443012,-38.48921502085925],[144.95908197358375,-38.48681686127134],[144.9673088221314,-38.48670368183319],[144.97102174137368,-38.48757664209248],[144.9736357605953,-38.49040163228853],[144.97663668006976,-38.49032160249339],[144.9843664292543,-38.48526050299164],[144.9874178286491,-38.485819863203986],[144.9892332685123,-38.484138403318084],[144.99390519748454,-38.48590635364886],[145.01100500513505,-38.47964884478273],[145.014617994435,-38.48016284503365],[145.01774491354522,-38.48316487526644],[145.02669672194727,-38.483207815880974],[145.0312708607042,-38.48706782621851],[145.03313889064535,-38.48460585633176],[145.02524482271272,-38.47864282575349],[145.02676402336346,-38.470349865807215],[145.032161863033,-38.46468085614321],[145.03291894394224,-38.45528187613789],[145.04057686350896,-38.44692681661285],[145.03990869398262,-38.44373083654745],[145.04530795351766,-38.43927987689124],[145.04485868379857,-38.43746980684932],[145.04716318380042,-38.43376754698508],[145.04922587344012,-38.4337128471265],[145.05019100368014,-38.43000880717024],[145.05726791246886,-38.42959884765424],[145.0677226411453,-38.42480525834409],[145.07639000953668,-38.425432858944426],[145.07889561933433,-38.423253109103605],[145.07656855992508,-38.42165613893365],[145.07902881009622,-38.41619182906967],[145.09355146888058,-38.40395781999524],[145.0970044784569,-38.40226177022284],[145.11184131597673,-38.4009035812376],[145.1163401658294,-38.3950654815123],[145.12462785450143,-38.39379686207655],[145.12984702394783,-38.39046325241654],[145.15045685004552,-38.39269705385431],[145.1663236867728,-38.396817874977074],[145.17581850510345,-38.396695775633624],[145.20861407823006,-38.406164687964655],[145.22268292563083,-38.40710256894688],[145.23449181324878,-38.40967546978289],[145.23475873361437,-38.40599644977893],[145.23324380367663,-38.40783447968491],[145.23053681416513,-38.407757519496364],[145.23284982384172,-38.40698547965234],[145.22938881475648,-38.40430047939548],[145.22827374559046,-38.39862743928333],[145.22153485685809,-38.39797247881134],[145.22163278708416,-38.39580144880485],[145.21775886797928,-38.39393944852453],[145.21875078841256,-38.38850536856014],[145.21520473964628,-38.38310027828094],[145.19520398399382,-38.37590734684957],[145.18399206612852,-38.374573496064414],[145.18478203630656,-38.37172946610175],[145.1927049747652,-38.37296735665836],[145.19376789529477,-38.36654928669277],[145.19641282482388,-38.366573246876264],[145.2002088338029,-38.36969221715855],[145.20132189316354,-38.373645237259936],[145.20853988162418,-38.375978847774874],[145.2109287709009,-38.37866019795703],[145.21530573999536,-38.379824218267906],[145.22195763904597,-38.377784168717184],[145.22344782928892,-38.373260848792995],[145.21890967017922,-38.372485868473156],[145.21346898188037,-38.365895888055185],[145.2133070029014,-38.35703086798968],[145.2187864529886,-38.3475909183122],[145.21477240428308,-38.342367938001594],[145.20646047593073,-38.34077998741514],[145.2046767266602,-38.33707687726872],[145.19834751814588,-38.333798036809725],[145.19790294873675,-38.32921386675083],[145.19495648935134,-38.32837503654141],[145.1928544901564,-38.32449403637194],[145.1916227608087,-38.32060283626273],[145.1953134598048,-38.323751016537834],[145.19804741960564,-38.3212079667118],[145.1952214008558,-38.31448693647469],[145.1985555301454,-38.315572406712484],[145.20051690023175,-38.311696986824735],[145.19813830085792,-38.30985290664851],[145.1991868009447,-38.30741766670627],[145.19714229128903,-38.307567896565445],[145.19389123273885,-38.299724866291996],[145.19575120257022,-38.298292856412154],[145.1929401932618,-38.29654385620657],[145.19627421251116,-38.29799485644658],[145.19988409203432,-38.29655682668804],[145.1999920624051,-38.293064786674115],[145.20138111176806,-38.29657381679195],[145.206040080576,-38.29988183713535],[145.2062091401099,-38.30378685717103],[145.22302593684245,-38.30644877835442],[145.22346418750803,-38.29980437834412],[145.22563589724405,-38.29873590848838],[145.2258750477841,-38.29352887847305],[145.2279708775632,-38.292195868610435],[145.22785279780499,-38.29021982859011],[145.22184475889446,-38.28995982817131],[145.22104375935444,-38.28710887809821],[145.22185990993668,-38.28060990811502],[145.22565970018206,-38.27241484832857],[145.2399797488835,-38.26144088925608],[145.2493310086381,-38.24889509982915],[145.25132273828532,-38.24891181996775],[145.25012674868145,-38.24725382987441],[145.2617366971776,-38.24241283065234],[145.25936288798593,-38.23892488046573],[145.25330768941683,-38.23566588002446],[145.25274499993716,-38.23189784996218],[145.2555576893786,-38.23246386016129],[145.25417493010147,-38.22817589003878],[145.2553370100929,-38.22642287010883],[145.25131865077256,-38.226670829830844],[145.25477900056825,-38.223048880049284],[145.25906515951326,-38.22573665036397],[145.26029888955614,-38.22341085043554],[145.2590010999056,-38.222328600338585],[145.2609760794987,-38.222858590479255],[145.26146207923634,-38.22443962052281],[145.26136403947947,-38.22241958050356],[145.2629000292487,-38.22206557060828],[145.26792582807514,-38.22464889097397],[145.27158089762165,-38.22295184121801],[145.27364285655696,-38.22922259140014],[145.2786348151,-38.234386601779555],[145.2740870251796,-38.240828711502395],[145.27413804480568,-38.244087741525966],[145.27987898349136,-38.24679370194246],[145.29831488005482,-38.248479903237836],[145.30191880953936,-38.24741584348267],[145.3126727375753,-38.24803890423688],[145.31143472798584,-38.24632386413993],[145.32215696668442,-38.24109620485639],[145.32286097638934,-38.24262020491491],[145.32484694609334,-38.24214219505069],[145.32399689642483,-38.24052281498137],[145.32641074661214,-38.23507009511646],[145.33258771540528,-38.23613406555456],[145.33519662537873,-38.23228203571321],[145.33696559497764,-38.23308100584176],[145.34134249460385,-38.22955194612604],[145.34298342468355,-38.2262728962206],[145.3395884156404,-38.22307291596358],[145.34021135601898,-38.218726875980394],[145.34381383563795,-38.21647788621845],[145.34214272600266,-38.21584788609772],[145.34291600596302,-38.214989826146514],[145.347077955392,-38.21355684642874],[145.35338420415314,-38.21471169687697],[145.36559010117568,-38.222097597776674],[145.37036108025973,-38.222779528114955],[145.3843717580005,-38.22095682908536],[145.3896627969039,-38.22243042946534],[145.38771978766724,-38.2186874393061],[145.38983981707156,-38.22066586946689],[145.39194174682922,-38.21953541960731],[145.39074479687784,-38.22097240953223],[145.3919307963151,-38.22411542963473],[145.41092261253252,-38.228035320991324],[145.41610346186113,-38.22590930134199],[145.42343226163908,-38.21645717179858],[145.43542768964622,-38.21542985263524],[145.43690765914883,-38.217529892752204],[145.4390907189032,-38.216306902898175],[145.438390869243,-38.21438791283714],[145.44176189816565,-38.218678843100605],[145.45247187627507,-38.21874688385443],[145.4599969639026,-38.22802489444118],[145.47437070120804,-38.229499895462595],[145.47918567004555,-38.23228783581907],[145.48301392940846,-38.23196887608692],[145.48559583870966,-38.234128876282256],[145.48899390819457,-38.233400866517364],[145.48853776771765,-38.23831585651545],[145.49104261712094,-38.23969286670057],[145.4910228668109,-38.24245783671619],[145.4928527263281,-38.24387685685397],[145.49084967649551,-38.24550783672274],[145.4903647760002,-38.25062786672003],[145.49453895462426,-38.25628183704922],[145.49594190354588,-38.26360892719325],[145.49773792313297,-38.264460847325196],[145.49796976200201,-38.27406386740059],[145.50460275975934,-38.28352285792683],[145.51795588657032,-38.290880908914936],[145.52213980491732,-38.29893086925999],[145.52146765438232,-38.30467385924778],[145.5155028239361,-38.317838868907266],[145.51663071346422,-38.32023692900165],[145.5153379516946,-38.33778691901808],[145.51699180126667,-38.338980869142226],[145.52412193052547,-38.33443891961811],[145.5303308694362,-38.3343818600566],[145.54072694731536,-38.33689187080716],[145.54515059623458,-38.339522841136244],[145.55095778438587,-38.346741881591505],[145.5524687034691,-38.3524368417334],[145.54893889189626,-38.371674881601585],[145.54220077136551,-38.38675288121729],[145.53482762139492,-38.397914840764216],[145.51868594242885,-38.41387985972115],[145.51541459282743,-38.41546186949975],[145.49962396546675,-38.41683184839329],[145.48988160739097,-38.415082877695255],[145.4812808598214,-38.407112837039996],[145.45948397349974,-38.408696835514114],[145.45356196409918,-38.41264684512142],[145.44072578690816,-38.40792886418945],[145.42831370881711,-38.41047289333241],[145.42404481983462,-38.408167903018324],[145.41638690132524,-38.40698188247314],[145.42336083947072,-38.41244192299643],[145.42720096816046,-38.41799284330025],[145.43287379593983,-38.42869587376447],[145.4338188550726,-38.4348548938686],[145.433406624703,-38.43874990386344],[145.42816277498358,-38.444461873529804],[145.42969468360332,-38.45421686369713],[145.42827779310437,-38.4608168636379],[145.42327874314876,-38.468229853331934],[145.4177239637789,-38.47135987296086],[145.42742781168536,-38.47462388366256],[145.43253379012702,-38.48035486405648],[145.4333688098302,-38.48166091412316],[145.43102991974317,-38.48607586398572],[145.43448591827195,-38.493609854274695],[145.43177185841736,-38.49656787410197],[145.42903084891944,-38.4964348639085],[145.43025086852117,-38.498029844003995],[145.42683376809376,-38.507119873819335],[145.41917581876567,-38.51317684331828],[145.39831997211945,-38.51629183187316],[145.3892522833606,-38.519559841257085],[145.36341236779714,-38.52096422945506],[145.36399537732947,-38.52417221951546],[145.3703193658521,-38.527276149977276],[145.37201763452725,-38.536283900151176],[145.3763167535723,-38.53795483046258],[145.37989189318617,-38.53575289069968],[145.39313380084232,-38.535641831627444],[145.40349782877774,-38.537578902366384],[145.40889565790133,-38.53683991274077],[145.4101016575079,-38.53841086283502],[145.4236938153108,-38.53646586377783],[145.42499088475105,-38.539353883886584],[145.42956469407204,-38.53817082420081],[145.43274078337922,-38.53929087443091],[145.4330007731587,-38.54081987445852],[145.4346878730049,-38.539535864569295],[145.43958172190418,-38.54155284492573],[145.4402267815125,-38.54398088498592],[145.44547380058518,-38.543924895354664],[145.45022511921823,-38.54849484571686],[145.45310762873743,-38.548212845918],[145.45523772816995,-38.54986291607802],[145.45750572794614,-38.54828792622807],[145.4588337874999,-38.55012587633279],[145.46107261718322,-38.54940985648606],[145.46551284611684,-38.55182787681351],[145.4684807657634,-38.55029787701324],[145.47092878516955,-38.551681877194156],[145.47345776477937,-38.551157887369165],[145.47937682344406,-38.55362383780139],[145.48004568303452,-38.55616488786402],[145.4836917724058,-38.55598788812003],[145.50231961713283,-38.57308291953847],[145.5375196565019,-38.61107687225729],[145.54549760377802,-38.6223968928907],[145.56063057774037,-38.651393904138665],[145.56656156621884,-38.65540888458327],[145.57178661530935,-38.65520487495227],[145.57853159374798,-38.65830086544926],[145.58874655076997,-38.6682998762346],[145.5959487292284,-38.6705089267591],[145.60670155635307,-38.67876883757277],[145.61000779602088,-38.67653189779396],[145.61533070512473,-38.67605788816924],[145.61776185493522,-38.6739408983291],[145.62119263421573,-38.67486284857853],[145.62738070333677,-38.672905899006516],[145.63318460211065,-38.674542909429206],[145.63475384204528,-38.672685929529536],[145.63857163139386,-38.672422859799525],[145.64197256048305,-38.675042850057466],[145.64415562020025,-38.67411793020719],[145.650876808541,-38.67807792070973],[145.65301771817502,-38.67793590086131],[145.65269158838564,-38.67662092083007],[145.65687981760408,-38.676909911130096],[145.6597608673231,-38.674894891323035],[145.65881478783209,-38.671960901237775],[145.66697885657285,-38.67024793180901],[145.6720268055168,-38.67158191217692],[145.67071462609786,-38.66859192206519],[145.6741817656796,-38.66686086230178],[145.67489562578493,-38.66485387234045],[145.6803788050544,-38.6627139327184],[145.68236272523257,-38.65812590283195],[145.68894356486234,-38.651195913259194],[145.6985375534995,-38.648191903925614],[145.70848471178127,-38.64770886463302],[145.7138657210751,-38.64552590500414],[145.72950169833655,-38.64509688611926],[145.7316761875288,-38.648707756296794],[145.76555284938584,-38.66673870883208],[145.7933296719678,-38.68781645095271],[145.81825449457486,-38.712959502896176],[145.84256833702398,-38.74029576481148],[145.86953219798775,-38.776135116971865],[145.88329721229732,-38.80352238813106],[145.8866735004456,-38.81409791843893],[145.89428118804486,-38.822887639041426],[145.89807729583038,-38.83588284939443],[145.89726634571807,-38.83806690934912],[145.90015655459965,-38.843146929588684],[145.89910440435816,-38.84679102953483],[145.90334034333566,-38.84901102985423],[145.9046723724466,-38.85451201998382],[145.90840533138459,-38.85782798027365],[145.91492740852345,-38.8721199108317],[145.91657147730308,-38.879938880997955],[145.91347656753092,-38.882713920791076],[145.9143776469983,-38.8858468908752],[145.91265958721837,-38.886596940755574],[145.91064369685327,-38.892744990647174],[145.91310466646223,-38.89231098082239],[145.9146976760177,-38.89364694094562],[145.9119607959241,-38.89859604077781],[145.9141687555416,-38.89847303093666],[145.9162987848869,-38.90076805110453],[145.9147297549529,-38.90259393100218],[145.9185587140604,-38.90431589128941],[145.92120255295941,-38.909596911512565],[145.92601271256328,-38.90563706183643],[145.92750767219113,-38.90650906194985],[145.93690248158484,-38.897368882574185],[145.9400124611761,-38.89609998279158],[145.95695813810602,-38.89630095401999],[145.96291708674053,-38.89878095446685],[145.96549365658814,-38.89616288463773],[145.97157389539896,-38.89697390508346],[145.97937383422388,-38.89506385563761],[145.98263471413594,-38.890870885848756],[146.00165851182686,-38.881542657173235],[146.0038354418505,-38.878055607310195],[146.00629174142702,-38.877906917487735],[146.00110623366362,-38.866924527044404],[146.0015331342421,-38.86141146704195],[145.9981471349926,-38.86020948678872],[145.9971351054426,-38.85795047670152],[145.99790693667663,-38.84639335668738],[146.00946367706297,-38.825689967401125],[146.03361327422272,-38.81317567908104],[146.0430371327599,-38.81128262975542],[146.05657403034328,-38.81121759074089],[146.0839717348767,-38.81591944276708],[146.1093615992505,-38.82496139467604],[146.133539563433,-38.837395446519544],[146.18941377908519,-38.87353156083387],[146.219916900097,-38.902756733252176],[146.23390887566885,-38.91865574437785],[146.24688502094648,-38.93847379545326],[146.2548711775462,-38.95473990614013],[146.2695023527129,-38.97294695732881],[146.26731337262606,-38.97691999719153],[146.27078645148,-38.98122501747366],[146.26768954143088,-38.98623707727572],[146.26890156095996,-38.98832507737773],[146.2673005909029,-38.99117811727698],[146.26106668212375,-38.990365146812586],[146.25706176258387,-38.99252219653054],[146.25328981329397,-38.992267206251114],[146.2529428132031,-38.99353521623323],[146.24857784394084,-38.99393524591416],[146.24897190361926,-38.99600725595574],[146.25733376237548,-38.99384018655856],[146.2627808008051,-38.998710186989456],[146.26515173079076,-38.99530115714355],[146.2743346490069,-38.99637613782713],[146.28165581644427,-39.00664414842937],[146.29185380382367,-39.0131051292211],[146.2897529041275,-39.013721139069766],[146.29251891337663,-39.015803109286544],[146.29187198308642,-39.019156129259095],[146.28640008390653,-39.0205251488635],[146.28392020382614,-39.02487415870684],[146.28896224263488,-39.02720210909303],[146.29170908271283,-39.02247809926719],[146.2963760816206,-39.024547069624276],[146.29921604130422,-39.022936049824246],[146.30303302055304,-39.0234570101093],[146.30715708923964,-39.028151940442406],[146.30692614881553,-39.03198701044855],[146.30395227881127,-39.036437110255804],[146.30471629831968,-39.039350140329866],[146.3084422177961,-39.03812908059775],[146.31215911775962,-39.03291295084084],[146.3136291174754,-39.03307096095044],[146.31342062769255,-39.03159294092608],[146.31671066743556,-39.028826971152526],[146.3231265964434,-39.027474991618696],[146.3285898454194,-39.02779870202471],[146.3196025569579,-39.02846796136415],[146.31671752736773,-39.029374971156344],[146.3140355075563,-39.03180191097279],[146.32167408564652,-39.03618493156402],[146.3263671442021,-39.04110497194087],[146.3169474345468,-39.05224227131175],[146.3209794136551,-39.05359327161802],[146.32933126262287,-39.04969314221211],[146.33410926131364,-39.05336918258783],[146.33482634055875,-39.058508272672],[146.33680037003037,-39.05992228282663],[146.34753749800183,-39.060670943625986],[146.35234421735717,-39.05884412397091],[146.34906126772518,-39.06068519373891],[146.34298733878592,-39.060974253290944],[146.3435445073975,-39.07154650339615],[146.34067056725922,-39.07693968321601],[146.33881760765993,-39.076396703075574],[146.3353686879573,-39.07906782283648],[146.32553578000773,-39.076809812095405],[146.32143580060713,-39.07796779179921],[146.3214499293987,-39.08787405186013],[146.32468499807317,-39.093960102136165],[146.3342800354089,-39.10159711289212],[146.33472114473423,-39.10647813295426],[146.33982515332647,-39.110457093356054],[146.3425661228151,-39.110587073559735],[146.3458233804224,-39.125371183890195],[146.3523363292602,-39.12524214437175],[146.36333636641658,-39.13223414522901],[146.36719426574217,-39.132042065513794],[146.36808629533797,-39.134029075591926],[146.37451120420053,-39.1338259760671],[146.37456829383783,-39.13670800608873],[146.37926116340262,-39.13332490641636],[146.38113208352127,-39.129587846532594],[146.38420801296897,-39.129554796760615],[146.38783089286144,-39.125077717002405],[146.38734599245362,-39.12912875699089],[146.39017598163701,-39.13161972721598],[146.38955000146564,-39.133945727183566],[146.3950050004209,-39.13441966759137],[146.39836391012327,-39.13188858782548],[146.40659078874694,-39.13097845843102],[146.4160205677119,-39.1255082690987],[146.420922516785,-39.1258401794651],[146.42323256579144,-39.130539199665265],[146.4265155152672,-39.12997314990599],[146.42491043624986,-39.12432411975247],[146.42187246699967,-39.122687149516686],[146.42408429756804,-39.11478607963341],[146.4277881670458,-39.1135860199016],[146.43175812617855,-39.114808980204295],[146.42702611744895,-39.11142001983182],[146.42686507786462,-39.10826497980078],[146.43186200683687,-39.109284940178625],[146.43485690648836,-39.10771390039194],[146.43744756773967,-39.093686790499895],[146.441608457472,-39.089740740785686],[146.43862745831527,-39.087250720548774],[146.4377764981557,-39.08980677050091],[146.43593554846905,-39.08996180036484],[146.42529657117652,-39.08353579953457],[146.4259154620481,-39.07550363953201],[146.43112522233093,-39.06551434985904],[146.44415608017536,-39.06392388081909],[146.44702396046617,-39.05732760099266],[146.45529482937002,-39.054103381589066],[146.46358181698744,-39.06135257225037],[146.47377473467756,-39.065200703033454],[146.47583066457307,-39.06303065317362],[146.47977566339662,-39.066820743490766],[146.4809505937834,-39.06194261354886],[146.48335550346377,-39.06101457372264],[146.4791384052482,-39.05266732335753],[146.4744655658132,-39.05492739302275],[146.4777332365949,-39.04375200319873],[146.4750192770623,-39.04392805299741],[146.47304633712338,-39.04632911286485],[146.47037227827204,-39.04088996263254],[146.4679902888799,-39.03943195244615],[146.46433740918863,-39.04228306219119],[146.4604443505493,-39.0369019518685],[146.46296026037442,-39.034629872042196],[146.4651762497835,-39.036194902216806],[146.47076216883733,-39.03570480263021],[146.4711011489541,-39.03425377264667],[146.4640051108858,-39.028918702085434],[146.4701359800873,-39.02642455252728],[146.47327497921768,-39.02890856277635],[146.47634685880922,-39.027727482998245],[146.47539788923433,-39.02565345291491],[146.4734279194048,-39.02715652277712],[146.46919589065362,-39.02318348243756],[146.46461098159466,-39.02224053209011],[146.46143898248778,-39.01961054183782],[146.452528094054,-39.01992169117592],[146.4451362256604,-39.01766981061188],[146.44291337551786,-39.02210696047331],[146.437199446682,-39.02100109004136],[146.4328604679847,-39.01673611969268],[146.43176043888823,-39.010964019575866],[146.43232140908205,-39.00855193960297],[146.44207109748268,-39.00728069032074],[146.44569697726865,-39.0036945205689],[146.44622184787107,-38.997995390573415],[146.4361158717644,-38.981008469718205],[146.45098700314327,-38.9478378606238],[146.4740942028569,-38.9162321821535],[146.47721119219884,-38.91704315239083],[146.48029303215193,-38.912904052595515],[146.48437391158632,-38.91154497289165],[146.4865439410427,-38.91280992306122],[146.48930083083675,-38.910450883252565],[146.48578588169556,-38.908579922978944],[146.48735983166887,-38.906489883083665],[146.48599681224934,-38.903738882965236],[146.48741564315372,-38.89425577301341],[146.4853246637707,-38.89227180284535],[146.48216274425477,-38.8929468826136],[146.48060470472564,-38.89137690248783],[146.4816606152525,-38.88551282253091],[146.4844775050346,-38.883165752726754],[146.48205353565356,-38.88165178253672],[146.4791376260504,-38.88267885232549],[146.47356473722473,-38.88123492190117],[146.472653697809,-38.877783891812236],[146.47088172805778,-38.878345921683575],[146.46940778847443,-38.87709393156609],[146.46785573949126,-38.871035911413536],[146.4689685505787,-38.86048482143225],[146.47596016152366,-38.84247459184378],[146.471446283058,-38.836508691470904],[146.4706102837845,-38.83177271137974],[146.47338819435134,-38.823044671533644],[146.47295515515899,-38.8170496914648],[146.47889677626452,-38.79925848179936],[146.47864163722224,-38.79176742173463],[146.4760466680561,-38.788722471522576],[146.47423970836363,-38.78884549138859],[146.47472569809833,-38.790312491433774],[146.4727627285934,-38.789123531280175],[146.46706173061105,-38.780902560805096],[146.46029681164106,-38.78235967030994],[146.45836983215432,-38.78096670015789],[146.44903200382942,-38.78089483946207],[146.44428299504148,-38.77789387909024],[146.44100810535502,-38.780123948860115],[146.43796509604562,-38.77890897862626],[146.43618915611438,-38.7809530185066],[146.43827220517917,-38.78559202868989],[146.43565045439524,-38.79589913855769],[146.42754661553835,-38.798403257970186],[146.42696870518665,-38.80214930795004],[146.42073582610027,-38.803794397496674],[146.4231598550737,-38.808682397706676],[146.4204659052699,-38.811030447520686],[146.4194320745696,-38.818318507488264],[146.42186702399144,-38.81949545767645],[146.42113622239688,-38.83369540770863],[146.41835642142186,-38.845810357575786],[146.41486650128613,-38.85206540735448],[146.41265253153458,-38.85328145719737],[146.40887649258826,-38.850171416897886],[146.39616161462163,-38.85216654596577],[146.39629961472673,-38.85109752596951],[146.39322062535268,-38.85048053573719],[146.3820328662333,-38.859726994963296],[146.36871594858025,-38.86003741397766],[146.36225709899782,-38.86613362353606],[146.3525802104795,-38.868210742831835],[146.3472533309597,-38.87212385246117],[146.3466753506466,-38.87556288243929],[146.3360605719481,-38.88052307168378],[146.33572663140794,-38.88547713168918],[146.33216069181339,-38.887408171437094],[146.33062882120157,-38.894727271368254],[146.3231040214809,-38.90356546086545],[146.31568313255687,-38.90567559032964],[146.3022512448532,-38.90661677934295],[146.29262123683276,-38.90453793861925],[146.28929414786995,-38.90089694835153],[146.28720101902573,-38.89444090815785],[146.28810787005685,-38.884560798164735],[146.29314376981515,-38.87908764850316],[146.29273373020698,-38.87645263845688],[146.28720862195144,-38.87020964801113],[146.2862605626285,-38.866008607915624],[146.27027645620248,-38.860126716700876],[146.26394203175946,-38.82343008601069],[146.26887497161013,-38.81734191633722],[146.26781793208104,-38.815001906245065],[146.26927585267748,-38.80788384630919],[146.2728197822664,-38.80603481655922],[146.2639868139125,-38.80548188590471],[146.25054000579019,-38.80986303494073],[146.24093809735643,-38.81112114424144],[146.23305314901813,-38.809031213648474],[146.22754614103107,-38.800475193191275],[146.22297495453455,-38.778100082718815],[146.2198369752652,-38.77668409247946],[146.21850290608788,-38.771813062351704],[146.20643202875075,-38.7675891414389],[146.20370200950745,-38.76534415122467],[146.2006349207721,-38.75936114096294],[146.20116187101615,-38.75653811098443],[146.19717289202055,-38.75409913067664],[146.19219279421307,-38.74321112024465],[146.19050383463014,-38.74224512011478],[146.19062085439518,-38.74403413013428],[146.18556589537843,-38.743357189759166],[146.1886296662877,-38.73118607990978],[146.1926025858735,-38.728724010186376],[146.19716654479402,-38.730940960534966],[146.19433465493535,-38.73398202034559],[146.19538165452403,-38.735858020433916],[146.19855263391526,-38.73621699066892],[146.1982785941893,-38.73433598063732],[146.20030755390724,-38.73366795078225],[146.20143959338264,-38.73636297088182],[146.20545054245454,-38.738136921187234],[146.2048215822693,-38.74062095115618],[146.2107044615415,-38.737932861572006],[146.20466853292288,-38.73539091111305],[146.20787444241222,-38.734878871345444],[146.2074634527453,-38.73270985130201],[146.2099033624505,-38.73153682147412],[146.21067333268007,-38.728472781512004],[146.20619339336196,-38.72945185118884],[146.20064152392726,-38.733002950802714],[146.20010545465044,-38.72775990073136],[146.1981944948142,-38.72923994060006],[146.19205358626954,-38.72623200013087],[146.19424953619318,-38.72359594027599],[146.19591652577586,-38.7245989304045],[146.19666547633068,-38.71884486042438],[146.19953243614992,-38.71608279061804],[146.20410837486048,-38.72003978097826],[146.20776629420007,-38.720107741247375],[146.21015923416354,-38.716848671403305],[146.21318621328305,-38.71969468164311],[146.21415415347465,-38.7166536316957],[146.21194221378315,-38.71737065153751],[146.20857724488272,-38.71319664126479],[146.20645028500314,-38.715358701121716],[146.20272337590959,-38.71333673083563],[146.20888121515898,-38.71043561127028],[146.21795307356481,-38.7102445219358],[146.22128099335944,-38.70700647216068],[146.22629496261837,-38.7057334125216],[146.2290038526237,-38.70165934269596],[146.2276468534238,-38.69699730256769],[146.22433291384712,-38.69839233233249],[146.21229407612745,-38.697260451440606],[146.21364600608558,-38.695597431529805],[146.21206496669697,-38.69284143139679],[146.21500201582833,-38.69572841163027],[146.23116173301702,-38.695166272815044],[146.23074566346864,-38.69201425276518],[146.2276107243722,-38.689131272516995],[146.23840048248906,-38.68881116330883],[146.24024242261976,-38.684982153421],[146.24394633221948,-38.68281911368041],[146.24537132186535,-38.68365710379043],[146.24265043182245,-38.68805812361702],[146.24375956076085,-38.6952681437427],[146.25263248891298,-38.69749910440966],[146.255819408584,-38.69550907463225],[146.2520874692254,-38.69570310435854],[146.25386034962207,-38.68976206445283],[146.2583553185402,-38.692109034798285],[146.26093623834186,-38.689931014975116],[146.26056517872232,-38.68731000493178],[146.26116023818776,-38.69088300499745],[146.2664651472273,-38.6910149653892],[146.26749309741848,-38.687896955445915],[146.29172493222038,-38.69525481727819],[146.30348774054994,-38.69172867812511],[146.3098437094159,-38.69174965859474],[146.31932060800435,-38.689460599281105],[146.31973859812985,-38.687799589301854],[146.32891250659063,-38.68702253997543],[146.33173556563446,-38.690790560207255],[146.33884554438563,-38.69065250073244],[146.3367015348678,-38.689817500568694],[146.33728951487748,-38.688868470606415],[146.3347855752192,-38.68973151042642],[146.33007350642316,-38.68669751005931],[146.33182641679053,-38.68105544015448],[146.3382163257436,-38.68030837062266],[146.33804119653198,-38.67402028057126],[146.3449081950029,-38.676574241095096],[146.35071111441255,-38.6729071515023],[146.35776612276427,-38.67617210204475],[146.3609311816383,-38.680841122307775],[146.37000916963137,-38.684091083000396],[146.3731970794054,-38.68126403321945],[146.37729704864967,-38.68148299352478],[146.3772700784105,-38.68350402353514],[146.3809920474915,-38.685632013824176],[146.38002213741933,-38.68765905376464],[146.3772861678799,-38.68787607356307],[146.37982521701787,-38.69127408377214],[146.3788793161778,-38.69962520375303],[146.38377035436193,-38.707449204163616],[146.38416645336127,-38.71514626424002],[146.3825734832887,-38.71809427413987],[146.3870594821704,-38.72073526448881],[146.3925504311787,-38.720848204896974],[146.38999345164768,-38.72073624470653],[146.39314943122207,-38.71960718493385],[146.40573936865263,-38.72231003588512],[146.4112083078123,-38.72120495628462],[146.4138202477523,-38.71785789645825],[146.40992131826653,-38.71934596617766],[146.40650028900708,-38.71826099591689],[146.4103362190941,-38.71189790616297],[146.41791514826534,-38.70759778669984],[146.41847611840237,-38.70564075672957],[146.43910573545074,-38.699698428227386],[146.4372076564275,-38.694423418053915],[146.44508954495495,-38.695004298643994],[146.44692355441097,-38.69680029879149],[146.45030145415592,-38.69394722902552],[146.44911056365518,-38.69982530897279],[146.46105730156063,-38.69957013986094],[146.46306728090008,-38.70206712002595],[146.46664826030616,-38.7017110902906],[146.47082608995493,-38.69848100058221],[146.49297366622616,-38.696746692223385],[146.49344659723494,-38.687751622203656],[146.49203462787685,-38.684533602078616],[146.49467456799158,-38.67972552224619],[146.4965085767598,-38.6871815624287],[146.49926750634475,-38.686560532630835],[146.50449543598734,-38.681854412992365],[146.50520039534666,-38.68609442307096],[146.5023834754196,-38.68961451288216],[146.50287947510276,-38.6914955029307],[146.5147172926654,-38.69422935383159],[146.52130620146815,-38.694440274325245],[146.52564014092923,-38.69253720463757],[146.5232031814237,-38.692034244452316],[146.52292414167678,-38.69036221442123],[146.52255716159164,-38.69159823440136],[146.51966421221496,-38.690702274179664],[146.52078118221155,-38.68909823425333],[146.52249639193806,-38.68883992437995],[146.52276459173558,-38.690111984407785],[146.5231944517923,-38.68901792443321],[146.53058957049558,-38.688870964985206],[146.53318662032905,-38.68644699516459],[146.53464964972773,-38.68924995529115],[146.5372434492524,-38.689366945485894],[146.5412055990358,-38.68536293575781],[146.54147343870366,-38.687698985792146],[146.539066478969,-38.68903296562022],[146.54028542858757,-38.69038592571969],[146.5391665578278,-38.698255995684136],[146.55121465501261,-38.703775956619566],[146.55304239486642,-38.70230895674742],[146.55079454584546,-38.697556956550066],[146.55276952650362,-38.68927696664727],[146.55536441611957,-38.68864398683768],[146.5559115853167,-38.69443197691407],[146.56062041444056,-38.694751927268676],[146.5624564037138,-38.69803493742629],[146.56236172414714,-38.6946199873983],[146.56601573353797,-38.69428896767],[146.5667515737955,-38.691105927705664],[146.56516970445583,-38.68799696756812],[146.56100454544358,-38.68596694724368],[146.56313066540716,-38.68316695738581],[146.5546527064902,-38.68664095677212],[146.5507844773071,-38.68557894647602],[146.54674851789886,-38.686608986180225],[146.54651561819634,-38.684506966149925],[146.55464259685886,-38.68363098675295],[146.56127165605042,-38.68059996723085],[146.56204957601986,-38.67971697728371],[146.55971861647865,-38.679350937106875],[146.56254060611428,-38.67822693731136],[146.56923770473819,-38.67975495782247],[146.5721454337899,-38.68329393806204],[146.57219369427304,-38.67926293804099],[146.57057655473838,-38.67780294791085],[146.5720104644978,-38.67768693801761],[146.57523173375148,-38.679113978267786],[146.57682940187934,-38.692129968467235],[146.5770806730261,-38.68236693842629],[146.5804286727874,-38.67944895865945],[146.5800586026198,-38.6813609086434],[146.58383248194338,-38.6814099689267],[146.58122751221342,-38.68298892874102],[146.58151768188387,-38.685266928776734],[146.58481743113543,-38.686594969032306],[146.58140859158513,-38.6878729687845],[146.5814266208352,-38.693989988823276],[146.57979543085605,-38.69619400871447],[146.5826985000631,-38.69846199894602],[146.58726650988774,-38.69324893925672],[146.58213545099088,-38.691682928862306],[146.58932573049614,-38.68526997936235],[146.59367561978624,-38.68475498968555],[146.5904435004844,-38.68373996943683],[146.59287747018988,-38.68261093961254],[146.58599642135104,-38.68311294909941],[146.5875797117676,-38.67739694918318],[146.58442538236727,-38.67707393894461],[146.60221157928135,-38.676475010275496],[146.5967734100666,-38.67795396987637],[146.60064951918218,-38.679557960177114],[146.60973663777762,-38.677843990848885],[146.60759751847402,-38.67525397067239],[146.64103465331573,-38.668888993146474],[146.64922072245577,-38.664044913732745],[146.652800532472,-38.65872394396958],[146.65190055312442,-38.654698953877165],[146.6473426139563,-38.65450898353298],[146.64593966467157,-38.650697923404046],[146.64728965492506,-38.646668973480935],[146.65312564434254,-38.64297197389749],[146.65638472326066,-38.647088924168074],[146.65977842269763,-38.64677194442166],[146.6663714507344,-38.65325392495796],[146.67054456890693,-38.662125945326714],[146.67064249857418,-38.66469894534986],[146.66634155906348,-38.66693393503953],[146.665412408835,-38.67014395498922],[146.65755652006595,-38.67147793440576],[146.67913451635798,-38.6704829960253],[146.6930546632419,-38.675742947107224],[146.69771341246485,-38.67533694745624],[146.69434851337354,-38.67279994718681],[146.69611142340665,-38.66998195730253],[146.69933737292723,-38.669223977541314],[146.7042114326124,-38.66474493788171],[146.7074615020433,-38.66468392812668],[146.71125768108791,-38.666978928427376],[146.7121083914072,-38.66315095846816],[146.7163934509254,-38.66088593877788],[146.71250762252168,-38.65350097843914],[146.7129183631534,-38.647763918434975],[146.7152454226405,-38.64858095861573],[146.71702742250991,-38.647071998741076],[146.72239358141422,-38.64824695915367],[146.72105366102252,-38.65336893908383],[146.72412050050644,-38.65314295931418],[146.73140363831203,-38.66048794990964],[146.74217952585664,-38.66491200075157],[146.7392066367326,-38.66207798050935],[146.7428585062643,-38.66061998077662],[146.74631052539922,-38.66267496105036],[146.7493323550552,-38.661115961269424],[146.75352347536392,-38.652569931534174],[146.7579885547728,-38.65094202186215],[146.76699865277428,-38.65420100256437],[146.77655953107907,-38.65420398328867],[146.76801565270165,-38.65332700263603],[146.76978867281878,-38.64982493274885],[146.76662569336523,-38.64993995250999],[146.76920547317204,-38.64779596269222],[146.7775247019187,-38.6460020033115],[146.77769461202794,-38.64487097331743],[146.7796594715006,-38.64632501347526],[146.78591338040434,-38.64622800394872],[146.7859864907262,-38.64351198393759],[146.79007752034974,-38.64068597423044],[146.78655564197203,-38.63258499391369],[146.79495265137268,-38.625382994506246],[146.79020137217978,-38.6256599441476],[146.78471242350633,-38.62278100371378],[146.78914371271745,-38.62281593404996],[146.79136236212727,-38.62441792422803],[146.7957975515174,-38.62299494455568],[146.797652660764,-38.62644293471756],[146.7963624208616,-38.627503944626206],[146.79944437017548,-38.62864299486699],[146.79846771082023,-38.62481600476941],[146.80002250095993,-38.621450004866695],[146.79810263145433,-38.62019594471334],[146.80003045104655,-38.62073594486293],[146.80732947017268,-38.617345005395975],[146.80864164022503,-38.6150369654814],[146.81450459933822,-38.61381494591899],[146.8155766793999,-38.61177698598787],[146.82535750792442,-38.60970996671804],[146.8276816774561,-38.61017299689747],[146.8284113869694,-38.61307000697071],[146.83120465654125,-38.612534967179684],[146.8334664959028,-38.614465017363436],[146.8420435141511,-38.61635997802712],[146.8440166746949,-38.609131968132765],[146.84739240415362,-38.608679998386705],[146.84401057522834,-38.60482196810582],[146.84795651431966,-38.60652800841641],[146.87090362019478,-38.60706595016621],[146.872628399663,-38.60889897030883],[146.88255467844033,-38.60459400103858],[146.88736464734959,-38.606534941417095],[146.88415235730795,-38.61146001120253],[146.8864293365431,-38.61438501139404],[146.88739234651848,-38.61320799146021],[146.88495659714127,-38.61165702126503],[146.88762346688176,-38.609943961457766],[146.88958548632252,-38.61165802161786],[146.89867942464645,-38.61220493231464],[146.90050245445565,-38.61114294244716],[146.8997115349999,-38.60787901236679],[146.90159650487757,-38.60617603250008],[146.90627434407875,-38.605947962855545],[146.91724858293068,-38.59955895365386],[146.9210325327856,-38.5953349939168],[146.92552247213143,-38.59421196425278],[146.9133426029242,-38.60518098339026],[146.90737956359817,-38.60824899295403],[146.9019604845943,-38.60794300253871],[146.90323057363995,-38.61383195267178],[146.9000463537951,-38.617124972449126],[146.8970435641565,-38.618494952228524],[146.89056865533615,-38.61821803173311],[146.88715152570268,-38.62013997148445],[146.88490943523703,-38.627103001356325],[146.88198768539593,-38.62999498115141],[146.88194340484355,-38.63451801117582],[146.8831443646182,-38.634620981267965],[146.93197151076973,-38.59600297475643],[146.99013940733855,-38.54094665886863],[147.06725357195384,-38.47510599438435],[147.1261033172197,-38.43018048864208],[147.1756269536458,-38.389287112216394],[147.24003962849739,-38.34037189690608],[147.47630863109237,-38.15173659418897],[147.58269251226193,-38.07598824209912],[147.64213640696443,-38.03686203655836],[147.72613523885795,-37.98684176291631],[147.78822180220774,-37.95530925766773],[147.8509262047598,-37.92940070251925],[147.95198772198256,-37.894052960411784],[147.97833246801855,-37.88984090250741],[148.0035284449344,-37.880324854479696],[148.0518944483637,-37.867186828305094],[148.0623495065776,-37.86719684915121],[148.06964340557445,-37.865319069729864],[148.1201857191455,-37.848310243720306],[148.17753666147541,-37.832028488279654],[148.2300457040146,-37.8206008824876],[148.28962059512807,-37.81097527729626],[148.3676152727957,-37.80385147364783],[148.44818174938806,-37.80170731026746],[148.52294245672462,-37.801471906444505],[148.54520015276083,-37.802882808297234],[148.54816808237885,-37.8019577685374],[148.5519920415357,-37.80343175886375],[148.5919496748995,-37.80233238217292],[148.61108593146932,-37.803720233772104],[148.62658185824736,-37.808206115089455],[148.64997342487607,-37.803691877008376],[148.6910319382127,-37.801428480417755],[148.70456077584856,-37.80195835155072],[148.71703468340627,-37.80442524260852],[148.72619366127884,-37.808751183401554],[148.72697074067045,-37.812339203489245],[148.72569478073473,-37.813484243389816],[148.72779079012153,-37.81542423357737],[148.73446554002405,-37.80763909408625],[148.74323838872476,-37.806223994811226],[148.7416733493475,-37.803535004663225],[148.7426342795867,-37.800509954724454],[148.7491921589386,-37.79702387525118],[148.76847288629827,-37.79231266683589],[148.80873840026527,-37.78640423017507],[148.84199412488735,-37.78451281295679],[148.8608019916403,-37.784988574541764],[148.87034085988685,-37.78602848535123],[148.8841557770249,-37.789945326539495],[148.88867670663927,-37.78710829690239],[148.90072053494566,-37.784534187901166],[148.9263632410285,-37.78138989004444],[149.01790292560665,-37.78096187778549],[149.1227604383846,-37.77728682667374],[149.17045286024234,-37.77794018074571],[149.18421872762295,-37.78011702193536],[149.18667265738333,-37.77882899213685],[149.19280659623135,-37.77968691266654],[149.19940444536138,-37.77788984321918],[149.2134632130448,-37.77747366441901],[149.2467157670264,-37.780461367285305],[149.25798663456268,-37.784587308277615],[149.26593363257882,-37.7893062189891],[149.26880870161935,-37.79278713925782],[149.26539588142498,-37.79844408900103],[149.2697788705274,-37.799600059384346],[149.2694939202917,-37.80168306937313],[149.2755027589933,-37.803764119901885],[149.2800165691587,-37.79695911024602],[149.28297051833712,-37.79932711051461],[149.28492045807087,-37.79886513067906],[149.28459531887847,-37.79334414061606],[149.2924530383562,-37.78744717125324],[149.30895161620577,-37.7828029926411],[149.3193743745408,-37.78211882353272],[149.32411729404126,-37.779917713926594],[149.34038402170987,-37.7769004753069],[149.36635471758916,-37.77501112753146],[149.38578538390306,-37.77800984922565],[149.394370252813,-37.77540169994963],[149.40265017128755,-37.77634959067022],[149.40549308115638,-37.77380954089947],[149.41069400036443,-37.773192431344576],[149.42079792854835,-37.774019292222484],[149.42198391800184,-37.776547302341044],[149.4310268363658,-37.777364163127636],[149.4390896857374,-37.77204199379078],[149.46189338227373,-37.769289635745935],[149.47370124012343,-37.77046446677567],[149.48496319754406,-37.7754282977828],[149.48869411706184,-37.774365248099336],[149.4899820571508,-37.772141198196785],[149.49183005678452,-37.7725411883595],[149.4932709670758,-37.768659128459674],[149.49556093675173,-37.76821208865534],[149.4970397781049,-37.75656400870937],[149.4984707178928,-37.75635499883211],[149.49651877826122,-37.75606500866104],[149.49693873856336,-37.7533539986802],[149.50666953758653,-37.74855082949337],[149.51249138676965,-37.74736873999084],[149.5164244058739,-37.74906968034291],[149.51963228588295,-37.74508262059589],[149.51722029654755,-37.74320165037459],[149.52550604597013,-37.73727151105592],[149.53744282454255,-37.73306228206555],[149.54135682369383,-37.734447242414355],[149.5421227439592,-37.73158520246266],[149.54317073360153,-37.7329032025621],[149.54514469371608,-37.72966215271294],[149.566295310864,-37.724563824518974],[149.5879789675037,-37.722513526392625],[149.5958439156235,-37.726563457103225],[149.59815483539128,-37.72543342729728],[149.59742979606372,-37.72144439720871],[149.6008336067888,-37.71204928744527],[149.6044095464388,-37.710235227745216],[149.6059674766293,-37.70696018786005],[149.61660116572253,-37.70060000874617],[149.6471745519337,-37.69089753135113],[149.66675715899783,-37.68838024304518],[149.67377804810206,-37.68634613364568],[149.67649393795526,-37.68411708386883],[149.67733394768268,-37.68506907394832],[149.67670092823255,-37.68186206387252],[149.6789877685993,-37.676441984037815],[149.67788173911953,-37.674021983925684],[149.68206263890505,-37.670508904268736],[149.68239748972948,-37.66414487425737],[149.6895853191293,-37.659781734858015],[149.68867727954162,-37.6579007347666],[149.69048621944793,-37.656388714915145],[149.69497709890328,-37.654890635298386],[149.6945280792829,-37.65269063524505],[149.697438988974,-37.65140157549147],[149.70000687912193,-37.647226515689475],[149.70223479878294,-37.646981475882846],[149.70244879901716,-37.6450304658891],[149.7065356985433,-37.64351239623708],[149.71288626961717,-37.62807821669432],[149.71923700976194,-37.619360077194656],[149.71676100055893,-37.616592106960134],[149.71839393042532,-37.61558507709668],[149.71838590095985,-37.611732047071335],[149.72068581061117,-37.61147402727111],[149.72062580096068,-37.609020997250155],[149.72313674068903,-37.60795197746324],[149.72265670095743,-37.6065919674125],[149.7275814909012,-37.60105286780844],[149.73220740039196,-37.59914878820157],[149.7315313410602,-37.59513676811666],[149.73589521079896,-37.59175868847746],[149.73547816116616,-37.58960866842715],[149.73875301125383,-37.58502459868482],[149.749028750363,-37.579069409547586],[149.76542136835158,-37.57384229095215],[149.76099932005127,-37.56689624051963],[149.7752528689307,-37.55782510171253],[149.79553237667014,-37.54974495344202],[149.81971982332368,-37.5448157555371],[149.83167259142155,-37.54417467658479],[149.84488937901398,-37.54565857775799],[149.85835203729062,-37.54192546892013],[149.8740207249158,-37.540241360290636],[149.90661418912615,-37.54285219318385],[149.91593880904813,-37.5322720039397],[149.9247754984052,-37.526334874682554],[149.93604016724098,-37.52124573564582],[149.9576426444982,-37.51515756751809],[149.964400622986,-37.517943538134304],[149.96226260364566,-37.51576355793099],[149.96469043381762,-37.51163949811948],[149.97619755281158,-37.505146559097],[149.54824145680578,-37.33838637047617],[149.08844964725117,-37.15676929978041],[148.6799599760273,-36.9930530143196],[148.19495121078052,-36.79624011307024],[148.1866874011436,-36.80410871244834],[148.18247886173577,-36.804882772110766],[148.17960061328577,-36.79631323182099],[148.17613004380183,-36.79673047154127],[148.16818722563733,-36.79248140086758],[148.16390363605046,-36.794776420534085],[148.1637835963717,-36.79237739050877],[148.15855183713313,-36.79313797008832],[148.15666867783582,-36.79000093991491],[148.15175172825442,-36.79307950953521],[148.14866467890369,-36.79193716927695],[148.14903420856186,-36.794176079321474],[148.14641589884332,-36.795350539116335],[148.13677235052788,-36.79451828832762],[148.13655232040648,-36.795772088317875],[148.13401928090352,-36.795119038107956],[148.13509923048161,-36.79707045820828],[148.12973696153932,-36.79564398776369],[148.12677633192473,-36.796439007528505],[148.12631578137467,-36.8014231675234],[148.1224699320415,-36.801132427209396],[148.1201575318013,-36.806067157053725],[148.1156435430238,-36.80222157666257],[148.11434834316952,-36.80275196656095],[148.11290903372182,-36.80022989642786],[148.10889407430176,-36.80085304610627],[148.10803710470404,-36.798764996023245],[148.11054058435738,-36.79825728622299],[148.1047134063708,-36.78981453569574],[148.10379394634666,-36.79120905563022],[148.10164629684718,-36.79002303544844],[148.10016786689854,-36.791546615338476],[148.09798897780652,-36.78714925513335],[148.10164388699306,-36.788862395440724],[148.1037337467646,-36.78795295560426],[148.10555372686818,-36.78474716573105],[148.10472127753738,-36.780495275636],[148.1108094073593,-36.77395959608734],[148.11287021775442,-36.76811459621659],[148.11607207754042,-36.76563956646028],[148.12164979674836,-36.764674786906575],[148.12211818698586,-36.76216876692833],[148.126086046683,-36.75940456723242],[148.12021508763974,-36.75943699675619],[148.120478107991,-36.75629057675713],[148.1284835071285,-36.75272226738371],[148.1286175274005,-36.75037720737937],[148.13265956668198,-36.75083485771047],[148.13187773755016,-36.744929587608695],[148.13477478726077,-36.743458927834375],[148.13670839757586,-36.73842342795872],[148.13070806902726,-36.734670157447184],[148.13431152879937,-36.73178795772105],[148.13909936796503,-36.73220076811252],[148.14910398789362,-36.71972987884432],[148.15456285693992,-36.72022346929114],[148.16183031634313,-36.715517069851394],[148.16258148672193,-36.71151927988652],[148.16567748624604,-36.71128255013673],[148.16812595549163,-36.7141086003542],[148.17024794531102,-36.71278642051821],[148.17312000612617,-36.70255304068539],[148.18086420553328,-36.69720487128076],[148.18205421597781,-36.69211539134457],[148.18486668548664,-36.69237302157516],[148.18906153533652,-36.68811643188899],[148.1857447358974,-36.68795858161794],[148.1876165758246,-36.686105601758285],[148.1850450663399,-36.68534174154399],[148.18402125678313,-36.683140741446344],[148.18954481640452,-36.678978861868956],[148.190238356796,-36.67495816189928],[148.19926650566964,-36.67220506261663],[148.1993323058923,-36.67034588260992],[148.19622508672398,-36.66775496233997],[148.19758449687802,-36.664761852431226],[148.20351828622256,-36.662279792898474],[148.2004528270642,-36.65955380263101],[148.20388346689418,-36.65645487289035],[148.20314233736173,-36.65369150281199],[148.20654257680928,-36.653680123088975],[148.20836086683482,-36.65111670322047],[148.2111764164529,-36.65050603344594],[148.20970774738575,-36.64497944329031],[148.21218257762956,-36.63982619345848],[148.2162414770138,-36.63946750378702],[148.2133709077595,-36.63724940353858],[148.2118680485421,-36.63296230338819],[148.21510580782714,-36.63446024366185],[148.2165071183509,-36.62846956373712],[148.2206751780147,-36.6257444040592],[148.2195523289753,-36.619545303927296],[148.21858933925222,-36.61858702384255],[148.21425022978644,-36.6199547034977],[148.21635591986623,-36.61658839364745],[148.21347839053834,-36.61496157340229],[148.21420195098307,-36.61047767343207],[148.21007111138283,-36.61264649310951],[148.2027862026609,-36.61190302251106],[148.2068927024471,-36.608280762822055],[148.20826249218453,-36.60859834293577],[148.2081310419093,-36.61096457294046],[148.2097827217138,-36.61038105307125],[148.21138637195438,-36.606383033175916],[148.21586581146403,-36.604485133528684],[148.21270470244076,-36.60079431324698],[148.217569301972,-36.598226433626806],[148.21142324333718,-36.59530516310678],[148.2106104237625,-36.5929659630253],[148.2067776342886,-36.59373787271799],[148.20478772475218,-36.592619442548546],[148.20358015543215,-36.588758462425034],[148.20599605526994,-36.58691978260989],[148.2035435457296,-36.58643164240689],[148.20182005580105,-36.58809665227733],[148.1969745068984,-36.585621631866516],[148.19033554807012,-36.584878741321056],[148.19013928913728,-36.5766079012512],[148.17919884048612,-36.58003207038302],[148.1761300012997,-36.57751410011691],[148.1713195320047,-36.57812540972956],[148.16941654286939,-36.57368249954582],[148.16591993334802,-36.57439733926612],[148.16512648299963,-36.578215699226476],[148.1607186135225,-36.57976253887816],[148.16258351408652,-36.57282500898458],[148.1566323252067,-36.57159694849279],[148.15880212560123,-36.56561778863021],[148.15189689728575,-36.561108768039595],[148.15049359786144,-36.55832286790742],[148.14697062781258,-36.563296357653584],[148.1375013290688,-36.56555335689916],[148.13574825912056,-36.56742021676898],[148.13341566956336,-36.56690830657624],[148.13337221005543,-36.563020786547405],[148.124342543067,-36.55062934573372],[148.12926300285702,-36.54590722610229],[148.1286761634876,-36.541613046026654],[148.1340500129345,-36.53905483644623],[148.13372979357507,-36.53433329638945],[148.13686439326523,-36.532739816633566],[148.13982123369664,-36.52543296682603],[148.12999844681548,-36.51318669594864],[148.12835711839978,-36.502602485746344],[148.12486473945202,-36.49869617543743],[148.11763627102556,-36.49546329482984],[148.1262390008511,-36.48566862546393],[148.1261130510432,-36.484288705444705],[148.11909879247975,-36.48187182485979],[148.12495089186257,-36.479216625317285],[148.12243407328805,-36.47103312505962],[148.12466773371426,-36.46470048519952],[148.12136332467225,-36.461296764909164],[148.1179298152505,-36.46111400462941],[148.11131261680373,-36.45723123406733],[148.10174152836842,-36.45710116329051],[148.08760677130314,-36.45188240211111],[148.08773946249622,-36.442095082057925],[148.086356002979,-36.44000747193224],[148.088339662962,-36.437558732076916],[148.08782388335956,-36.435026292018584],[148.08685208389343,-36.43198888192003],[148.08302545466196,-36.4307800916022],[148.08154044545142,-36.426349431453005],[148.0793575459524,-36.42515406126845],[148.08028552618254,-36.422088261323545],[148.07627146734038,-36.41797962097171],[148.05995008028162,-36.415525319634945],[148.0546414719871,-36.408676639160845],[148.05845602161588,-36.406697469456404],[148.05816896239332,-36.40079070939457],[148.04968015400573,-36.39883896869538],[148.0470509547575,-36.39619336846554],[148.04638862555316,-36.39062419837559],[148.04262097597476,-36.39213426808094],[148.03758862702477,-36.39021244766173],[148.0382717072281,-36.387675517700345],[148.04536463673898,-36.38237015823885],[148.03820426836896,-36.37853176763509],[148.04375196793848,-36.37477102805878],[148.0402684288847,-36.37166201775693],[148.04334364887734,-36.36770666797957],[148.04597129853772,-36.36702506818748],[148.04470762890202,-36.36572664807685],[148.03829530969222,-36.3677023775716],[148.03784089994696,-36.36623339752527],[148.04235210994707,-36.360342527851245],[148.04212996037506,-36.35716777781253],[148.04469906037318,-36.353829617998294],[148.04896467946443,-36.35561887835482],[148.04794427995486,-36.35298105825506],[148.04528540054758,-36.35165274803145],[148.04821748039055,-36.34909773825173],[148.0478506107955,-36.34629814820374],[148.05069166085255,-36.342129528406126],[148.05376799045493,-36.341335818649654],[148.0526405712579,-36.336305768525555],[148.05561884101675,-36.33437403875374],[148.05155259235937,-36.32880608838848],[148.0512481229346,-36.324544578335946],[148.05805332211006,-36.322348438871856],[148.05894617225215,-36.3200337789289],[148.0548609833278,-36.31664876857636],[148.0502901037718,-36.31901277822227],[148.0470605843624,-36.318440377957465],[148.04646241485457,-36.3152328678881],[148.0432703956067,-36.31330202761745],[148.038503656219,-36.314558167240506],[148.03501710727278,-36.31056500693266],[148.03806286744265,-36.30521261714365],[148.04072708690876,-36.30606555736451],[148.04254506682193,-36.304397417500496],[148.04120338752563,-36.300442577366155],[148.04393320720672,-36.299466867580364],[148.0393747280104,-36.298897387208264],[148.03523900948707,-36.292316296831004],[148.04001614867863,-36.2926410672191],[148.03832636932842,-36.28957514706247],[148.04012398970886,-36.28414399717211],[148.0359362202973,-36.284833076838275],[148.03375801096988,-36.28221771664517],[148.03505962096486,-36.28055975673945],[148.03769352055832,-36.28042236695133],[148.03294479195196,-36.27530814653418],[148.03520858190754,-36.272714886700044],[148.03283391313516,-36.26584724646319],[148.0388390526314,-36.26210393692375],[148.03868227301325,-36.25920852689209],[148.03444846415726,-36.25544186652535],[148.03605979419433,-36.25303889663975],[148.0344059047515,-36.25067106649061],[148.02884566609248,-36.247031316017654],[148.029548216427,-36.24339686605053],[148.03534600583126,-36.24067476650096],[148.0339981764169,-36.2376747863724],[148.03490535671088,-36.23410332642224],[148.03202288733704,-36.232774106180685],[148.03160164786462,-36.22903608612213],[148.0268270190218,-36.225856965715685],[148.02610148948608,-36.22302892563854],[148.02748752942344,-36.22173022574193],[148.030058928896,-36.222664465955724],[148.0333143892045,-36.215911496174314],[148.03728443841123,-36.217183906503365],[148.03625439885045,-36.214956806405525],[148.03883460867243,-36.2130402766014],[148.03704246940356,-36.209433366432926],[148.04062608913583,-36.206939066706084],[148.038290860113,-36.202038356485204],[148.03902837052064,-36.19776274651671],[148.03632988095114,-36.1977788462988],[148.03497718179227,-36.19270099615617],[148.03215828216034,-36.19338090593295],[148.02920993330133,-36.187941635659115],[148.02436463408637,-36.187870525267414],[148.02558137416773,-36.18562156535087],[148.02204650524823,-36.181435355037976],[148.0218248858961,-36.17644952498732],[148.0234160659547,-36.173897435098986],[148.02617566527007,-36.1758736853348],[148.0264177755301,-36.17344107533836],[148.02370823628468,-36.170829465102415],[148.0252144063408,-36.16840896520811],[148.02914743568,-36.16866279552736],[148.03042851594378,-36.16484543560573],[148.0336978854322,-36.16474964586915],[148.0348007054743,-36.16296993594653],[148.03115150627093,-36.16123959564041],[148.02714055685408,-36.16171847531966],[148.02290418854778,-36.15344489492322],[148.0289743673421,-36.15535417542589],[148.03149908765837,-36.1494881955912],[148.03519651669413,-36.152523615909814],[148.03577694686064,-36.15041168594282],[148.0340273773536,-36.14867650579007],[148.03773208773018,-36.14078454603742],[148.03287392824873,-36.142888885658834],[148.02880302924223,-36.14009928531173],[148.03147643850957,-36.14258484554398],[148.02890566872765,-36.144157755346704],[148.02821629921033,-36.141123615271084],[148.02579605974577,-36.1399145850677],[148.0203238504106,-36.141628854637226],[148.01848369100205,-36.13920648447276],[148.0140242619353,-36.13741215410109],[148.01065526223852,-36.13933333384188],[148.0100024027676,-36.13586979376644],[148.00820749282036,-36.137780473634216],[148.00896709238023,-36.14037975371258],[148.00528914294563,-36.14056616341712],[148.00201283410905,-36.135349493118575],[148.00318888440847,-36.13137167318725],[147.99936058538157,-36.12842603285917],[148.0003120157683,-36.12402770290694],[147.9974668561316,-36.12477456268245],[147.9906567676507,-36.121260072110346],[147.9953651272091,-36.11872035247319],[147.99315465782328,-36.11659002228098],[147.99823541709495,-36.115907112686074],[147.9922864881757,-36.114844532199506],[147.99328715837174,-36.111937142261034],[147.9963065878109,-36.11257761250865],[147.9957205381358,-36.11068863244896],[147.99107957881,-36.111238362078495],[147.99568164837336,-36.108798982433406],[147.9940860490925,-36.10500721227982],[147.99766814855937,-36.104687762566506],[147.99584640910248,-36.102628562406075],[147.99922372905107,-36.09864219265213],[147.99402436967185,-36.100354572244235],[147.99549799000448,-36.09571435233247],[147.99337892043886,-36.09492958215648],[147.9928362002416,-36.09724945212801],[147.9911390707121,-36.095619491980486],[147.99379825064526,-36.092695762175566],[147.9874110216204,-36.0930613616632],[147.98687879190143,-36.091458591609765],[147.98915252171213,-36.09003861178364],[147.98497203227566,-36.09088816145236],[147.98080355323475,-36.088487821100735],[147.9802531335694,-36.0864698710431],[147.98419965335128,-36.083101091338854],[147.9815301741516,-36.08004048110364],[147.98239463427797,-36.077878251159056],[147.9870870733145,-36.07963324154868],[147.9887082331926,-36.07851467167196],[147.98858707358636,-36.07545253164202],[147.9923354430923,-36.074602021938524],[147.99026136364984,-36.07274906175914],[147.99201231371188,-36.069957021881876],[147.989523364051,-36.07043105168439],[147.98947232429953,-36.06846503166733],[147.99055623438073,-36.066386711740996],[147.99447091385142,-36.06560888205142],[147.99459118400924,-36.064161742051574],[147.99131058454057,-36.06409522178671],[147.9943950442119,-36.06276002202652],[147.99469188436768,-36.06109900203951],[147.99616172393127,-36.062750902168894],[147.9964886442302,-36.05987992217632],[147.99919835397063,-36.058469182385494],[147.99713457455798,-36.05635734220519],[147.99666529532234,-36.050717352130185],[147.99969713539252,-36.046190642344804],[147.99790801573175,-36.04574807219763],[147.99584916576734,-36.048141452047425],[147.99214658629046,-36.048690001752576],[147.99126640595946,-36.052546141707055],[147.989166896709,-36.049151681515475],[147.98862567641905,-36.05223031149215],[147.98649057683087,-36.051645851316245],[147.98715148736585,-36.04640534133495],[147.9839742880677,-36.04480558106842],[147.98463696811086,-36.043587861113785],[147.98813369757852,-36.0433834713942],[147.984217928258,-36.04292987107568],[147.9817521084303,-36.044736510888946],[147.98177972897497,-36.04024117086153],[147.97940942859884,-36.04641412071127],[147.97323990959606,-36.04630126021366],[147.97426618038583,-36.038492500244836],[147.9711859703176,-36.043072920027],[147.96610761108622,-36.04340733962037],[147.96671093068957,-36.04586913968516],[147.96496645084864,-36.04684436955117],[147.95635625256782,-36.044003608839546],[147.95668162266753,-36.04276125885753],[147.95989842221843,-36.04223940911294],[147.95899723251745,-36.04096611903202],[147.95302316310406,-36.043963648571136],[147.94988360364962,-36.04359415831617],[147.94930491343283,-36.04612862828632],[147.9456901439546,-36.046575437998555],[147.943200154683,-36.04385735778044],[147.9376728357435,-36.04238616732639],[147.93760328529882,-36.046125607345445],[147.93426320564814,-36.0476293670869],[147.93032673669063,-36.04422486674813],[147.92397626791535,-36.042482486226476],[147.92459026821848,-36.03918933625409],[147.9281412578261,-36.03776321652995],[147.92460625841994,-36.037514306244326],[147.92375806877646,-36.03569666616422],[147.93102381753525,-36.03637901675244],[147.93156457758607,-36.03525433678848],[147.92406345952782,-36.02912567614545],[147.91783413071374,-36.027537795634686],[147.91529307101743,-36.02836969543614],[147.91149536183988,-36.026584255119474],[147.91506369170074,-36.02305435538268],[147.9104761526406,-36.02133642500307],[147.91617959189503,-36.01999611545212],[147.9127876326698,-36.01806921516708],[147.91708858282144,-36.01119098546705],[147.91398764356958,-36.00909991520429],[147.91654570368863,-36.00477217538114],[147.9141366544578,-36.00160061516681],[147.9115290147213,-36.002847554965676],[147.90854914536436,-36.00146039471734],[147.91400272492405,-35.997941265131914],[147.91234813552245,-35.995185374980906],[147.9064197863774,-35.99591476450987],[147.9018189075263,-35.99248573411807],[147.8957036384365,-35.99300521363091],[147.89918578757806,-35.99550933392675],[147.89751196731734,-35.999848823821104],[147.8886664789908,-35.99766471309729],[147.88508483948718,-35.99827316281415],[147.88616387900723,-36.00081104291739],[147.8828855194109,-36.00178538266102],[147.8820912401696,-35.996577362563],[147.87312593227426,-35.99099400180773],[147.87013621243614,-35.993583011585294],[147.8664014635075,-35.989651331260205],[147.8619881038914,-35.9922787309241],[147.86020291479585,-35.987162570747415],[147.84963171616852,-35.98972073991812],[147.84750176718472,-35.98413112971082],[147.85144106666755,-35.98322484002007],[147.85092432695032,-35.9815694599678],[147.8435885679746,-35.98275186938863],[147.84126247866556,-35.98010271918508],[147.84050568827365,-35.984334249152475],[147.8338047099546,-35.97925889858309],[147.8262804011541,-35.97924189798145],[147.82516267119297,-35.980390797899695],[147.82159854196513,-35.9786972376037],[147.81750335249228,-35.979727627283275],[147.81323797362452,-35.975978186917814],[147.8157903837235,-35.97179979709414],[147.8134962141179,-35.971557126909275],[147.81120507499867,-35.967285696698106],[147.8061588560724,-35.96504398628032],[147.79644530776554,-35.96381992549685],[147.78817427866952,-35.96723221485939],[147.78028980008585,-35.9658918342217],[147.7768551803055,-35.968601053965706],[147.77296302137026,-35.96490889363105],[147.76836466204642,-35.9653692932676],[147.76680262244264,-35.96414495313503],[147.76798054261664,-35.96114742320914],[147.77344230187992,-35.96005114363723],[147.77326659205275,-35.9588496136153],[147.76345313362035,-35.95879648283287],[147.75689919514969,-35.95475777228413],[147.74947225600545,-35.95746224171055],[147.74129737742473,-35.956476791053305],[147.72857675052853,-35.94750084998206],[147.7186772323438,-35.945499749181714],[147.7168671529451,-35.94289266902064],[147.71776120332538,-35.93854597906303],[147.71131139537508,-35.930022428494176],[147.70841984601384,-35.928531578254585],[147.68681507824783,-35.93853778660502],[147.68001498862293,-35.94442616610428],[147.674768409439,-35.94458201568911],[147.67229861007954,-35.94251746547962],[147.65438471274678,-35.944043434069656],[147.6467826937226,-35.94599549348032],[147.6424232239734,-35.94969411315945],[147.63777623322767,-35.962097042873296],[147.6205214653205,-35.96757016154397],[147.60144308698025,-35.97910562011165],[147.59680881803527,-35.976460299728075],[147.5977517983635,-35.9724583797762],[147.59420894924293,-35.96982426947896],[147.5808728415873,-35.967988198413806],[147.5787397216979,-35.969908108258075],[147.5787551511818,-35.974207748287604],[147.5748908916857,-35.97514554798883],[147.5725669023658,-35.97255217778836],[147.57287434270262,-35.969321257791336],[147.56416119407936,-35.969420637104626],[147.56739252411325,-35.96482206732921],[147.56056138473392,-35.968742636816295],[147.54912079705883,-35.9645365958867],[147.54849002665355,-35.968778055864924],[147.55178898586357,-35.97099306613951],[147.54758807610853,-35.97455362583188],[147.54765939561304,-35.97861243586425],[147.55889346455427,-35.97247585670935],[147.56222765382665,-35.97411953698309],[147.56542582278323,-35.978589797264775],[147.5814337003002,-35.97801360852413],[147.58403296909455,-35.98463493877293],[147.579612439336,-35.9885125084495],[147.568513660714,-35.99179429759531],[147.55651522135074,-36.002490676719496],[147.5518792719005,-36.0040823163645],[147.54871371250874,-36.00321938610934],[147.54582368371345,-35.996989295840585],[147.5375584053914,-35.99397818516963],[147.5284311476862,-35.98694296440459],[147.5211157589197,-35.98638427382511],[147.52022681984792,-35.979782313711695],[147.51523588109737,-35.975973953293924],[147.5211438211582,-35.967553283703324],[147.5257343507295,-35.965009394047875],[147.52551896097984,-35.96319558401896],[147.5162314929891,-35.95875084325883],[147.51179875327873,-35.962252812933166],[147.5073838044866,-35.95801456255803],[147.50515831549063,-35.95255514234707],[147.50088156641476,-35.95051384199737],[147.49860751723898,-35.946628841793],[147.49411754832178,-35.94353586141975],[147.4915995686866,-35.9438408612239],[147.4884677186068,-35.94871090100992],[147.48155883964827,-35.949209940470524],[147.47884089085733,-35.942675990214035],[147.47634682116495,-35.94343094002319],[147.47771183086073,-35.944161820135186],[147.4640780430372,-35.9441239590648],[147.45442635368994,-35.951584988356835],[147.45616141268007,-35.95776600853361],[147.4506905831933,-35.960790998124516],[147.4450486443559,-35.95857297766758],[147.44313062501232,-35.95561594749776],[147.43971869551723,-35.955944977232534],[147.43520969658184,-35.95302698686001],[147.43104679725087,-35.95298101653359],[147.4219888791872,-35.94882302579687],[147.41782093987328,-35.94863904546937],[147.41519098048994,-35.946971065252534],[147.4084141314224,-35.94821910473045],[147.40463711258488,-35.94348211440378],[147.39541338339419,-35.94907011371923],[147.39184543413356,-35.94762720343081],[147.39034751418012,-35.94925322332442],[147.39265157312943,-35.95503221354257],[147.38714971353846,-35.958993253138615],[147.39267963265283,-35.959024223571056],[147.39416260224687,-35.96045721369643],[147.39302267221717,-35.96224523361908],[147.38823077283993,-35.96344226325239],[147.3889428323866,-35.966315273326956],[147.39310581126145,-35.97021224367802],[147.39147386132748,-35.97185526356125],[147.39234986099066,-35.97352028364069],[147.38368501251304,-35.972339312955704],[147.37392127341909,-35.97785544222926],[147.37655117314,-35.976665402426846],[147.3720333333871,-35.980675452100385],[147.3743022931435,-35.97967244227097],[147.37486129274308,-35.98230445233195],[147.3709003933709,-35.98234247202288],[147.35819871434492,-35.991262631090024],[147.35318593402516,-36.00074577076126],[147.35555092322426,-36.00432578096932],[147.35529303261623,-36.00981883098532],[147.34892818326557,-36.012932940509245],[147.34568635309543,-36.01875903029469],[147.34622945232644,-36.02453111037498],[147.35181037093733,-36.028731100837895],[147.35283044041887,-36.03173614093723],[147.3437847906333,-36.04216336030018],[147.33230503189907,-36.047000519437034],[147.32942321151148,-36.05418464925963],[147.32171338227647,-36.05815979868509],[147.31995448222577,-36.060973848566576],[147.31794351265333,-36.0600808684041],[147.31813141323656,-36.05488878838464],[147.31297743430932,-36.052793827969566],[147.31107550441683,-36.05446287783245],[147.31438846367075,-36.05628787810236],[147.3155054931958,-36.0587949082058],[147.31303861331185,-36.061157938029226],[147.31058763372974,-36.06094398783702],[147.30667462480127,-36.0571769775077],[147.30679353517587,-36.05384192749507],[147.30226655635084,-36.05002894711773],[147.3047844662559,-36.04741687729652],[147.3014705267595,-36.047645907040156],[147.29999548731232,-36.044961896907765],[147.29770653747542,-36.046685946741],[147.29649451790183,-36.04471593663378],[147.2906925190633,-36.04274398616957],[147.28740557950198,-36.04348703591886],[147.28518255033651,-36.039426005719356],[147.27996367071856,-36.043274115338946],[147.26684272328205,-36.039346194293735],[147.25178593543149,-36.04156740313935],[147.2423840073014,-36.03846946238952],[147.23887412729513,-36.04330258214902],[147.23204121849938,-36.04236765161305],[147.22482841893486,-36.04849285109417],[147.21494250073093,-36.046685940316365],[147.20630471171123,-36.05012310967001],[147.1955397441685,-36.04388111879583],[147.19335075439852,-36.044910178633195],[147.18760381562277,-36.04232221817164],[147.18775176607588,-36.038256138156385],[147.18082479728625,-36.03739621761507],[147.16446185068153,-36.03078529630705],[147.16120791115046,-36.03123132605861],[147.15528502154655,-36.0359524556322],[147.14931000297037,-36.03196446514471],[147.14667211281812,-36.03687754497335],[147.14436711308517,-36.03775158480121],[147.14282513355667,-36.03583257466963],[147.14469703379194,-36.03125752478403],[147.14143502461826,-36.02865953451528],[147.13697311534793,-36.02853160417019],[147.13134117673513,-36.02438065370857],[147.13080612733287,-36.019998623638536],[147.12739716810833,-36.01803366336276],[147.1284310986855,-36.01167562340077],[147.12513810960087,-36.00835163312504],[147.1271640796149,-36.00545457326221],[147.12288810050453,-36.00369661292104],[147.12558702049856,-36.00004856310513],[147.12313503121132,-35.997303562898075],[147.12496298122414,-35.99468850302181],[147.12336301150393,-35.99448452289713],[147.1207731112364,-36.000326612735876],[147.1166921221032,-35.998494652409335],[147.11193716258236,-36.00090873205883],[147.11562818166425,-36.003714702361634],[147.11628620110292,-36.00762174243799],[147.11258525162853,-36.00819379215658],[147.1068252929451,-36.00481186169069],[147.10640835265266,-36.0078908916788],[147.11057826179206,-36.00954583201084],[147.10923335165845,-36.012535891926866],[147.10518137251842,-36.01072494160291],[147.0980794937128,-36.01023307105286],[147.09861750337407,-36.01239908110849],[147.10546238235477,-36.01174195163123],[147.10636945166118,-36.01644196173193],[147.1043404816828,-36.019041051592744],[147.10103453210468,-36.01996309134422],[147.1000045427703,-36.01567107123675],[147.09767657312688,-36.01581011105845],[147.0983465626475,-36.01900012113096],[147.0966376325884,-36.021853191018124],[147.099337611884,-36.02418416124128],[147.09910062168896,-36.02618119123614],[147.0970396817668,-36.02834423109167],[147.09359171256273,-36.026256270812574],[147.0921457626333,-36.02763729071036],[147.09813373123106,-36.031433231196175],[147.10371765017206,-36.03284118163534],[147.10018273038213,-36.03589425138319],[147.09978579009177,-36.03892729137252],[147.09638984067584,-36.038586331108846],[147.09921182975805,-36.042574321352255],[147.09700894962134,-36.0467714012102],[147.09435595002614,-36.04694743100714],[147.09372293050257,-36.043734400937346],[147.0915879708315,-36.04384845077377],[147.0918350004458,-36.04681448081223],[147.0955839895001,-36.04976746112017],[147.09545002917955,-36.052697471129065],[147.09302507954146,-36.05292850094392],[147.0904060603951,-36.049212530718],[147.0882281402805,-36.053187590576485],[147.08509418086894,-36.05245164033054],[147.0805343114429,-36.05380072998863],[147.08087734124942,-36.05498773002279],[147.0854452704149,-36.05586065037989],[147.07931835131086,-36.0566047599135],[147.07452947120743,-36.06407784959422],[147.07162845174219,-36.06348388936728],[147.0687964925521,-36.0604348891296],[147.06665456254646,-36.063430928984616],[147.06681655191667,-36.068608979031],[147.0648986222075,-36.06875499888455],[147.0639526127276,-36.065595978791144],[147.06181765300659,-36.06614200863068],[147.05952069245606,-36.074026948505875],[147.0630257009078,-36.082479138830564],[147.05779674139816,-36.08547520844844],[147.0593447406812,-36.08949122859367],[147.05237284170585,-36.090308318063485],[147.05015295114634,-36.09816639794447],[147.0557009100096,-36.100269348384344],[147.05296902956235,-36.10786842822427],[147.0506950499113,-36.10801046805057],[147.04885906069597,-36.103812447882085],[147.0423501316863,-36.104291507385504],[147.04212718110594,-36.10957752740302],[147.03414635173078,-36.11522562682751],[147.0227821853451,-36.09988217585537],[147.01906736602962,-36.09913109556563],[147.01740217550625,-36.105926625482454],[147.01531559579672,-36.10631305532505],[147.01347857627889,-36.104708345173734],[147.0151636565668,-36.09990655527146],[147.013068377487,-36.09489307507803],[147.01632401755822,-36.08978466529411],[147.01185182849548,-36.08790478493903],[147.00640088923205,-36.08910159452919],[147.00829515934882,-36.08548096465061],[147.0074499496895,-36.083719024574314],[147.00358281028954,-36.083901034279236],[146.99932378058276,-36.08726507397506],[146.99045249213944,-36.08613531328841],[146.9842327322383,-36.09388755286313],[146.98130432259563,-36.094863312645444],[146.97733562370223,-36.0908274923154],[146.97653246448945,-36.08515923221684],[146.97259456547724,-36.082100221895615],[146.9666429062546,-36.08364220145063],[146.9643389769881,-36.080510961254],[146.96108571733149,-36.082056611015446],[146.9568297984801,-36.07804849066394],[146.95603673847964,-36.07915159061058],[146.95914694735555,-36.0845351408835],[146.9550389975255,-36.08876178059726],[146.95865928658162,-36.09188233089434],[146.95084271765342,-36.09347526030755],[146.95204767673053,-36.099761980440746],[146.9484973269217,-36.10303622019097],[146.95250415537944,-36.1107752605477],[146.9437106061908,-36.115976989910095],[146.93396292828174,-36.11147016913646],[146.92818891986295,-36.105841318659024],[146.927485720361,-36.10251878858363],[146.92986401038942,-36.09897181874188],[146.92680950108988,-36.097165508497014],[146.9214723015217,-36.10084804811398],[146.9248521906037,-36.10408035839295],[146.92406328024163,-36.10830140836037],[146.91808381124858,-36.10791323790179],[146.91459945125578,-36.112692327667375],[146.90776845251946,-36.11127141713737],[146.9055435433615,-36.10708953694045],[146.91184899243768,-36.10630652741592],[146.9124072225428,-36.10462256744744],[146.9095668232248,-36.102678397218206],[146.90867595373618,-36.099497637129495],[146.90335331476777,-36.09798097671395],[146.90610524505752,-36.09165081688222],[146.9029632261094,-36.08692465661186],[146.90695109556765,-36.08606537691013],[146.90691554570424,-36.08493397690001],[146.90112740685498,-36.08302915644649],[146.8990279069126,-36.08544940630239],[146.89008143804483,-36.088098105638366],[146.88455431908392,-36.08679651520905],[146.88056201964332,-36.087511064909876],[146.87295795246413,-36.0736684142407],[146.864818803861,-36.07289934361662],[146.86605061319838,-36.07692619373666],[146.86465483327234,-36.07822985363905],[146.86047201403906,-36.07741200331568],[146.86123471433632,-36.07377253334984],[146.8587099146728,-36.07437367316185],[146.85687031455043,-36.07799848304573],[146.86001994389275,-36.07931053329374],[146.86117393344512,-36.08158207339635],[146.8571631237066,-36.08490537311321],[146.85151029473877,-36.08383770267662],[146.84903164483524,-36.08645741250544],[146.84668659520327,-36.0865365923278],[146.8367058573243,-36.08206026154051],[146.83412322729066,-36.08595665136994],[146.82979108797343,-36.086077981041896],[146.82546851835474,-36.088803670731714],[146.82157887920548,-36.08684938042381],[146.82122009952516,-36.084574010381694],[146.82755061932022,-36.077513140815824],[146.8235821802456,-36.075017630498365],[146.8258275901732,-36.072511230652346],[146.82526584050768,-36.07039015059582],[146.8228662609645,-36.069772610409714],[146.81630724149048,-36.07436436994224],[146.81468186221338,-36.07035255979272],[146.81823344177795,-36.06917498005438],[146.81838602190925,-36.06782109005708],[146.81316250274276,-36.06787413966128],[146.81473836292443,-36.064093099756036],[146.80623755466954,-36.06079846908995],[146.8039419656841,-36.055181768879194],[146.80078785582663,-36.058351338660906],[146.79656324663844,-36.05719449833323],[146.79457583680409,-36.05853224819143],[146.79337032668835,-36.06122561811775],[146.79860974570252,-36.06247654852288],[146.7961870057875,-36.06512555835666],[146.79173168668217,-36.06357201800899],[146.78701402735135,-36.06434800765679],[146.7888887474799,-36.06060563777425],[146.78783230779626,-36.059329367685905],[146.7813445187134,-36.06042333720186],[146.7834809280475,-36.063231557381975],[146.78047672838218,-36.06452252716299],[146.77569169975496,-36.059264396766416],[146.77129343060318,-36.05803320642556],[146.76827182098023,-36.05897989620317],[146.7671610415402,-36.05565524609738],[146.76471222146557,-36.05973649593887],[146.76282444179557,-36.05950527579459],[146.75961769257276,-36.05722335553716],[146.76307749251254,-36.052899705770486],[146.76232149277706,-36.051652215705154],[146.7564762436992,-36.05180221526418],[146.7581332829268,-36.05621606541834],[146.75636611313195,-36.05690428528924],[146.75281643386836,-36.05545729501145],[146.75585734304025,-36.05841761526068],[146.75371299312621,-36.06067388511336],[146.74985687367848,-36.06126399482578],[146.74724717429618,-36.05953480461727],[146.74721945470606,-36.05599750459202],[146.74855190503126,-36.05129092466189],[146.75063346478058,-36.05055936481441],[146.7529338153804,-36.042100214932894],[146.74927979594978,-36.04225409465775],[146.74463125605848,-36.04782440434297],[146.7398469771406,-36.04508879396367],[146.7352086975428,-36.04808490363299],[146.7308483085708,-36.045225793285056],[146.7312987891915,-36.039170433279416],[146.73514103885628,-36.0367067235534],[146.7323636399592,-36.030967583306115],[146.72989441033437,-36.03115463312091],[146.72839296076046,-36.029537612997004],[146.72917691085198,-36.02763748304373],[146.73285148038377,-36.026572703314166],[146.73165091090388,-36.023711493204786],[146.72245623182127,-36.0285986625428],[146.71628060305707,-36.026464202062904],[146.71250684335186,-36.02918715179608],[146.70888439390686,-36.02942163152445],[146.70824364368173,-36.032291891494935],[146.71005362318652,-36.03408086164312],[146.7071468834217,-36.036108631437216],[146.70264458441906,-36.0337100910821],[146.69846570511274,-36.03351473076586],[146.69652435568648,-36.03122184060456],[146.68960855688746,-36.03043296007836],[146.6895912767021,-36.03208089008784],[146.69401961592192,-36.032683260425394],[146.69500802557818,-36.03430261051046],[146.68957546573597,-36.04056412014218],[146.68581728634,-36.040563549859115],[146.68227061712756,-36.038657039579554],[146.67995889798812,-36.03437195937746],[146.68246351815964,-36.029342719533126],[146.67798261879457,-36.03008688920063],[146.67537030938539,-36.028586618994176],[146.67634179939495,-36.0271345490578],[146.68219842863232,-36.02557389948849],[146.6802047093188,-36.022363599317366],[146.67429010031648,-36.0219444288694],[146.67136704033965,-36.02585785867504],[146.66903481104956,-36.0229173184803],[146.66835286174577,-36.01777101839529],[146.66592853200052,-36.018951678220624],[146.66563422181125,-36.02102689821207],[146.67022759028976,-36.02790029860267],[146.66464634104787,-36.02911505819072],[146.66177046186192,-36.026026647954176],[146.65600189276435,-36.02623931752177],[146.65524370306906,-36.02463405745425],[146.65806671296,-36.02161162764674],[146.6530393737563,-36.02170980726938],[146.65034141456678,-36.01839837704491],[146.65293467429873,-36.01709554723132],[146.65789104344213,-36.01762784760746],[146.6585795136907,-36.01447553763859],[146.65272353458232,-36.014902977201096],[146.65018395511757,-36.01378407700286],[146.64932047556957,-36.01103232691994],[146.65087346569706,-36.00772285701501],[146.64466545671522,-36.0075335465472],[146.64213360751066,-36.00411549633459],[146.6426284269164,-36.008639186401396],[146.6403789671786,-36.009508796238094],[146.63646534826043,-36.005522875918004],[146.63110500935113,-36.00349911550221],[146.63324088945797,-35.9995453756367],[146.62822090022158,-35.999915585262194],[146.6260469609724,-35.99638045507585],[146.62155951133556,-35.999522114759614],[146.62050106164816,-35.99826652467197],[146.6223480116639,-35.99551949479259],[146.61989603225808,-35.993753494596994],[146.61430513284714,-35.99646655419529],[146.61314410364855,-35.99105152407274],[146.6083351546889,-35.98868555369655],[146.60782615503481,-35.98635853364314],[146.6161399741551,-35.98235943424054],[146.61618594426733,-35.981306424237104],[146.61078103527547,-35.98006346382352],[146.61872185447183,-35.9759243643921],[146.61252593581503,-35.972845403907094],[146.60744503639873,-35.97488145353937],[146.6036071072017,-35.973229473240785],[146.6011601572952,-35.975864503074604],[146.59944620814602,-35.97078749291285],[146.59515138844182,-35.97425160261367],[146.58415281012407,-35.97497378179442],[146.58383078989007,-35.97749379178681],[146.58702165892205,-35.98151675205216],[146.58397271914663,-35.983850791839075],[146.58013583989407,-35.98268784154412],[146.5765290309415,-35.978551911247],[146.56927323203692,-35.97915800070788],[146.5671463428339,-35.97513403052237],[146.5623863533971,-35.97690407017783],[146.56256416384926,-35.972658380163324],[146.5658802235384,-35.97070609039863],[146.56295262434912,-35.96769252015987],[146.55896148459476,-35.97117757988416],[146.56063149383036,-35.97556393003779],[146.55896637371143,-35.978974099935584],[146.55448343448583,-35.97848714959715],[146.55194147474452,-35.97980516941571],[146.55503938377075,-35.984016139674935],[146.55027847436432,-35.985523199328846],[146.55055644408134,-35.98762919936341],[146.5552243433578,-35.98740213971093],[146.55596430303896,-35.98916912977783],[146.54958646369204,-35.99244420932243],[146.53816869641392,-35.98458632841771],[146.53779869674133,-35.982216318374554],[146.53229878739,-35.98428636797729],[146.53243773832446,-35.975823337932255],[146.52606180999769,-35.970069367418475],[146.51960991109104,-35.969553426933494],[146.51977788141775,-35.96642141692553],[146.52194984132856,-35.96412638707261],[146.51968685209073,-35.96059141688053],[146.51196899292512,-35.964165496328086],[146.50259108509997,-35.95822156558973],[146.50103546530525,-35.95861315547631],[146.50139277465547,-35.96386535553736],[146.49760219485614,-35.96747762527842],[146.49632723440845,-35.97325965522124],[146.50068021303616,-35.979230635584834],[146.49248635370068,-35.984998725011835],[146.49352033339903,-35.98620072509676],[146.49799027269222,-35.986104675429296],[146.50214019235668,-35.983174625719506],[146.50410220147,-35.98823862589896],[146.49973268187603,-35.9908570955903],[146.48935041357788,-35.990550774814494],[146.48720341451627,-35.98528777462009],[146.47943750578702,-35.985076844040265],[146.47710952647773,-35.98226485384851],[146.47316957694287,-35.9837508835649],[146.46999859777304,-35.98090190331023],[146.4693766275265,-35.98397592328405],[146.46741265781358,-35.984226933139524],[146.46593364852114,-35.98005392300215],[146.46997157830845,-35.976187883277355],[146.4621966001886,-35.97057390266204],[146.46342660040509,-35.9668978827295],[146.46235859075287,-35.96533089263977],[146.45633465158332,-35.9665409221996],[146.45460066234622,-35.96223391204244],[146.44767473314516,-35.96501097154566],[146.44595779251748,-35.97304101147059],[146.44331283258353,-35.97622804129486],[146.43939885342854,-35.9743020409914],[146.43923184399827,-35.96947404094739],[146.43716486460795,-35.967002040777615],[146.42606096674436,-35.96384909993226],[146.4216790172265,-35.96581812961982],[146.42517495585685,-35.97301409992647],[146.42300296606152,-35.974296109773604],[146.4193049767512,-35.97344213949351],[146.4208259561179,-35.97690510962906],[146.419755946111,-35.978496109560055],[146.4170219465879,-35.97815912935493],[146.41486395726352,-35.97522913917561],[146.41526694675963,-35.9791391392311],[146.4124069369688,-35.98136614903346],[146.4158539161236,-35.98396212930622],[146.40296798765394,-35.98876719838173],[146.3980320774005,-35.998089248076724],[146.40002924631796,-36.004870968269145],[146.39914035620083,-36.00718618821838],[146.3971729163995,-36.00823400807935],[146.39114015753606,-36.0067505676225],[146.3875402980407,-36.00741113736005],[146.3806112085411,-36.012881716882504],[146.37863670771645,-36.02306093680279],[146.37959918699443,-36.02811379690711],[146.38675190526135,-36.033296587470836],[146.3875622348693,-36.0356257475461],[146.38256590522752,-36.039598117201884],[146.37626142638246,-36.0383515567268],[146.37957418513372,-36.044722747013765],[146.37318736596498,-36.04647966655227],[146.36868993619882,-36.050849636247875],[146.35757462914472,-36.04054907535811],[146.3541984596992,-36.04045253510774],[146.35196224981877,-36.04259787495637],[146.34973051030008,-36.04151083478423],[146.34693251118637,-36.03762328455196],[146.34576107231936,-36.029195654410316],[146.3388952437397,-36.026382023884466],[146.33409101437158,-36.02764509353774],[146.33138451494577,-36.026407523329716],[146.3250280751719,-36.03352987290679],[146.32568304491747,-36.03486081296384],[146.33126296389213,-36.03599337338336],[146.32907759344482,-36.04313122326855],[146.32364692451765,-36.041361722855946],[146.32033263491405,-36.04258976261927],[146.3158808460954,-36.03844028226358],[146.3151498755146,-36.0446835122504],[146.31299203576472,-36.04555498209685],[146.30877652714787,-36.0392607617447],[146.30618307746357,-36.04017356155935],[146.30486611732803,-36.043281961482485],[146.30168739796576,-36.04215818124072],[146.30096882870546,-36.03657736115128],[146.29711568897835,-36.03968836088749],[146.29686108846727,-36.04462742090095],[146.30042893799293,-36.04372873115817],[146.3021490475956,-36.044803851292045],[146.2990150577603,-36.04784661108079],[146.29192263922803,-36.04493966053895],[146.29140178998261,-36.038938330461384],[146.28798956048786,-36.03933573021249],[146.28486061069273,-36.042014119999436],[146.28302928104804,-36.04147433986098],[146.2840968612909,-36.037760309915384],[146.29130463033457,-36.035927890434564],[146.28636424140745,-36.033446710054285],[146.28611964178347,-36.03043256001657],[146.293110270763,-36.029490510525605],[146.29167823153864,-36.02461125038818],[146.2855248921894,-36.02765563995461],[146.28218712289208,-36.02617518969904],[146.28255371319378,-36.02294436970494],[146.29113159212477,-36.02015109031877],[146.2862419235722,-36.01423641991979],[146.2810570241539,-36.0165008095526],[146.2788097545896,-36.01583806938275],[146.27863651487746,-36.01350847935476],[146.28290106446713,-36.01103529965273],[146.27503603557747,-36.012427539082545],[146.27669438479208,-36.01707498923501],[146.27427481487157,-36.019853309074996],[146.2780563839731,-36.022449049370444],[146.27286490434378,-36.02661757901537],[146.26768136535364,-36.02504738862351],[146.26711076590058,-36.02096767855486],[146.26102086682505,-36.02146994810996],[146.26169718727533,-36.01645464812698],[146.2583000979999,-36.01486030786662],[146.2571888284931,-36.01204001776645],[146.25306956879697,-36.0152631574845],[146.25126646860718,-36.01957148738003],[146.24777445943513,-36.01718630710767],[146.24459912981916,-36.01832774688168],[146.2455087693806,-36.02095047696567],[146.24987925860665,-36.02158054729114],[146.25089481827192,-36.023117047375855],[146.2488705684399,-36.024534887236264],[146.24143891975066,-36.023511306683226],[146.24401043891675,-36.02727985689686],[146.2429859189155,-36.02877206683128],[146.23429522038154,-36.02817759618873],[146.22986462045395,-36.03393741590086],[146.22805763089315,-36.03260745575945],[146.22799229131505,-36.02891192573051],[146.22217715214092,-36.02990829530997],[146.22045789221016,-36.03177536519595],[146.22047921168067,-36.03650231522837],[146.21463887268823,-36.03590528479575],[146.21116016292157,-36.03884706455968],[146.21057189339643,-36.03543004449422],[146.21596889277146,-36.033230834875916],[146.21158754399846,-36.0285458645238],[146.20529613429494,-36.03499487410432],[146.20475335392092,-36.03914541409159],[146.19875140512855,-36.036983963637304],[146.20010166531958,-36.03330780371233],[146.19808595602137,-36.02991572354237],[146.19976165593303,-36.02828144365458],[146.20411949520985,-36.02847130397544],[146.19924923610904,-36.02744077361153],[146.18985531619575,-36.04028316300667],[146.185982216623,-36.04205724273442],[146.17831371835223,-36.03761729214364],[146.18206161810673,-36.03438806239711],[146.18041485850208,-36.03321785226884],[146.17646525910237,-36.03354412198168],[146.17823776940378,-36.028255832076994],[146.17311006122597,-36.01928024164289],[146.16314723228123,-36.02423639094592],[146.16022141276716,-36.024105170730984],[146.15678941362864,-36.02132211046173],[146.15468609354363,-36.025146160332824],[146.14638383540373,-36.020432019694894],[146.14586910622543,-36.01376276961375],[146.1340883874533,-36.01981273879221],[146.1312497079663,-36.019310118581544],[146.1330908281675,-36.01481244868668],[146.1319687388571,-36.0102150985747],[146.13992866759747,-36.01001266915501],[146.14065530759913,-36.00894073920114],[146.13476680925658,-36.00253365872899],[146.13122558969513,-36.00372330847803],[146.12878697948906,-36.00913516833525],[146.1252417099559,-36.01007656808246],[146.12447226961382,-36.01428894805377],[146.122098899906,-36.015104207885784],[146.11933103046684,-36.01406520767692],[146.11872396012927,-36.018001347658306],[146.10768412231113,-36.01435544682883],[146.10758907258483,-36.01201736680664],[146.11233100215205,-36.009022227133094],[146.11238399238934,-36.00679817712244],[146.10547407338032,-36.0079023266255],[146.1007772135691,-36.013041516316456],[146.09147634546267,-36.00946357561501],[146.08955538563802,-36.010678625482925],[146.0895874153607,-36.01314366550136],[146.096640303767,-36.01728369604249],[146.0955463336123,-36.020279785982275],[146.09220540404326,-36.021252875745084],[146.0887584548655,-36.01883782547808],[146.08461855547066,-36.01939982518008],[146.0805316763375,-36.01751380487002],[146.07564482705334,-36.018163844518334],[146.07355583833217,-36.009623644310494],[146.07153226863733,-36.009812714164404],[146.07339183802654,-36.0126337243182],[146.07138590801785,-36.01564279419178],[146.05930122008758,-36.01453481330499],[146.05730720072427,-36.01167375314125],[146.05636918224639,-35.999231392991824],[146.05235219330962,-35.99545238267497],[146.05128726274773,-36.002111482640984],[146.04842732309464,-36.00314455243976],[146.04353839426213,-35.999694422061815],[146.03907351475044,-36.00179251175097],[146.03355053637023,-35.99515739130636],[146.0314935667518,-35.99470041115394],[146.02038784789391,-36.00058248038581],[146.016148967877,-36.00694879011963],[146.01312902836474,-36.006938819900405],[146.00936608928586,-36.00407566960868],[146.00587210990605,-36.00355564935181],[146.00182420004288,-36.00824792908881],[145.9894553615142,-36.01300565822313],[145.984631972323,-36.012721467871756],[145.97745966385133,-36.009331187330105],[145.97530369401295,-36.01102630718502],[145.9743033237259,-36.01511292713922],[145.97207586401697,-36.015733976981984],[145.96934580473564,-36.01319506676778],[145.97348041459418,-36.00840703703591],[145.97131953524612,-36.0056388968614],[145.96777748579672,-36.005824576606194],[145.96219447630963,-36.00935563622516],[145.95834236719318,-36.00696006593084],[145.95844595748466,-36.00414802591999],[145.96482366726673,-35.996757086333275],[145.95252157971785,-35.99247742541533],[145.95173326083335,-35.98344951529943],[145.94795323126525,-35.98506643503665],[145.9457498017592,-35.98379610486905],[145.94599709222982,-35.9791316348565],[145.95008365160274,-35.978847865150115],[145.95107715168734,-35.97661343520739],[145.9486469425651,-35.97216861500265],[145.94469638349,-35.969527984699816],[145.94417664386538,-35.96686123464483],[145.9473313035739,-35.96488402485998],[145.9542119924798,-35.96476135535677],[145.95372165291096,-35.961542405300264],[145.94607957416514,-35.96132083474624],[145.93905974452844,-35.968330424284595],[145.93574120492343,-35.969604384053106],[145.9346305047661,-35.972679143992934],[145.92800595569565,-35.9739338035226],[145.92500112644055,-35.97154547329003],[145.92826049637637,-35.96733051349789],[145.92582719707187,-35.96455033330403],[145.91489561883407,-35.96452906251476],[145.91382138845884,-35.969548782469985],[145.90609000039137,-35.96324923187108],[145.90496859994502,-35.968992981827675],[145.90293931028825,-35.96884264168034],[145.90014396121882,-35.964439191450026],[145.90076163143837,-35.96151573147549],[145.90879865048564,-35.95839048203477],[145.91032080050718,-35.955948362128645],[145.9084158110558,-35.95373082197674],[145.9026993421119,-35.952482651556274],[145.89443240336013,-35.95323643096514],[145.8899942636304,-35.95730938067185],[145.88527384460434,-35.9553452503189],[145.88054704510284,-35.95775295999413],[145.87637082603905,-35.95533065967756],[145.87056982695842,-35.95546269926076],[145.86060107801208,-35.9605264785764],[145.85404776913396,-35.959913818101015],[145.85260839919704,-35.961464428007616],[145.85367076854078,-35.96592314811311],[145.8479139591954,-35.9684286377155],[145.85931903701828,-35.97155211855608],[145.85800298682537,-35.975271598485676],[145.853808017357,-35.97659648819259],[145.84827940864463,-35.97294981777127],[145.84555442902953,-35.97344700757861],[145.84444480903693,-35.97502232750912],[145.84855691799083,-35.97854714782772],[145.84859529773004,-35.98088647784573],[145.84462599814796,-35.98292460757367],[145.84002656885602,-35.9832304072451],[145.83608311961447,-35.9821007969544],[145.83581871022955,-35.97683692690108],[145.83119825095932,-35.97697312657005],[145.8275537317149,-35.97542484629821],[145.82445010179376,-35.979301156100625],[145.82875136100435,-35.980186336415265],[145.8282580407813,-35.982969256397986],[145.8245911711853,-35.98469060614588],[145.81820130247496,-35.98230104567161],[145.8113586233838,-35.98408908519225],[145.81148065321048,-35.98550376521021],[145.8166863420796,-35.98818768560127],[145.8150111520438,-35.99100332549939],[145.81137280255675,-35.99168240524276],[145.8068411835871,-35.9889234648997],[145.80798589396446,-35.98374898494808],[145.79345057641032,-35.98280422389972],[145.79273800761175,-35.97278807378336],[145.78803017810478,-35.97523826346198],[145.78455754901813,-35.97197646319193],[145.77701167017247,-35.972546642655225],[145.78139543041632,-35.96377752291198],[145.7782172413127,-35.96023045266125],[145.77327208184477,-35.96267349232311],[145.76831890259945,-35.9630737219712],[145.7661112325652,-35.96667476183667],[145.764254882947,-35.965911641698874],[145.76296393363958,-35.96143555157732],[145.7579030548186,-35.95807539119337],[145.7541759050662,-35.96133689094808],[145.74611519605264,-35.96422529039062],[145.74351740667896,-35.96230487019243],[145.74432189689347,-35.95912186022918],[145.73379025845918,-35.96033643948463],[145.73071474915568,-35.95847683925285],[145.73195174922017,-35.95603473932527],[145.73680588857096,-35.954805749663976],[145.73414539937954,-35.95128876945101],[145.73003529006485,-35.951074059156056],[145.7247646005889,-35.954083428799365],[145.72145755139996,-35.95150593854649],[145.7167713222547,-35.95058146820603],[145.71567444273234,-35.947793018109564],[145.71729345276935,-35.945033598207104],[145.7210781722615,-35.94409127847106],[145.72646347115153,-35.946339228870144],[145.726306601613,-35.942298688832615],[145.72028045343197,-35.93443634835116],[145.71787044356785,-35.93677266819441],[145.7144241040577,-35.93737593795243],[145.70669568587778,-35.93203702736635],[145.70030779637622,-35.93695357694294],[145.6973333569053,-35.936488626727886],[145.69617586735245,-35.93406895662961],[145.69765195756287,-35.929910876707694],[145.6957689283111,-35.92577943654653],[145.69771483811124,-35.92472771667836],[145.70214832717775,-35.92676808700774],[145.70327438711274,-35.92568938708098],[145.69818665844073,-35.92096440668745],[145.69514501897163,-35.92057980646817],[145.6873202898712,-35.92392042593242],[145.68625084986405,-35.925585585867104],[145.68767891926166,-35.929045055991395],[145.68585741938716,-35.9306028258718],[145.6820459800839,-35.92983082559532],[145.6783382110753,-35.926165935307395],[145.67387059182533,-35.925879864987486],[145.67351131217526,-35.92316473494421],[145.67880504172538,-35.919427615296684],[145.6790590819655,-35.916815955297736],[145.6691269332673,-35.91957322460875],[145.66856313407808,-35.912877614524945],[145.66153389526016,-35.91240278402176],[145.65745441717687,-35.9006732936551],[145.6511886882919,-35.8996745032031],[145.64728988962733,-35.893076442882936],[145.64310680012218,-35.89473318259649],[145.63973617071863,-35.894226252353704],[145.636784891722,-35.88929743211189],[145.63174315266548,-35.88805910174577],[145.62957611386807,-35.88009185153992],[145.62730510425592,-35.87987874137729],[145.62342923438158,-35.88451983113248],[145.6203272049498,-35.88387164090811],[145.62090906523417,-35.880344310926375],[145.62813951460222,-35.875396411407266],[145.62301817567592,-35.8730569110285],[145.61712715636054,-35.875504620626444],[145.61486342703998,-35.87255752044662],[145.61915423671786,-35.86912687072864],[145.62832659539026,-35.86776233137072],[145.62635313624483,-35.86274516119788],[145.61599424768224,-35.864862230476604],[145.60965265811933,-35.8702975500623],[145.60175415965116,-35.86784378948628],[145.60165678941132,-35.870231769494964],[145.60543733835232,-35.87444990979049],[145.60114103898457,-35.874994969489485],[145.59547475046267,-35.86969083905331],[145.59803470093334,-35.86144449918089],[145.59412326161672,-35.860929978900366],[145.58870099231447,-35.86255229852683],[145.58679739276147,-35.86123167838339],[145.58815543291834,-35.857722578456666],[145.5924694624628,-35.85550128874775],[145.59323663302763,-35.84906417876008],[145.58156901498916,-35.84824180792835],[145.57466946721365,-35.83778346737168],[145.57099454787465,-35.8371177371073],[145.56850695862343,-35.83384255690989],[145.5640171293085,-35.834176626594484],[145.56370893963046,-35.831621546556],[145.56708297940202,-35.82868674677548],[145.56684584967496,-35.82648412674432],[145.5642117201664,-35.82583958655379],[145.5611118004006,-35.82830879635069],[145.5580027009093,-35.828217396130256],[145.55732735127805,-35.82577508606655],[145.55989624119604,-35.82267752622795],[145.5570653820584,-35.81884796600278],[145.56294754140328,-35.816141806401035],[145.56284137170874,-35.81343590637584],[145.55425255295714,-35.814648995776516],[145.54674723434928,-35.81288145523454],[145.54242549411018,-35.821637134986425],[145.53876964467946,-35.82180003472927],[145.53654871550808,-35.81736432454346],[145.54189493555236,-35.80889186486568],[145.5352455566956,-35.80817073439139],[145.5338721871661,-35.80581897427904],[145.53540374732998,-35.80197006436204],[145.532071047535,-35.80506668414697],[145.52679924816678,-35.80707557378799],[145.52815594747653,-35.81151881391277],[145.52367501795,-35.81382577361161],[145.52346105777272,-35.81581555360951],[145.5253323173492,-35.81697453374914],[145.5216598077611,-35.818642263500884],[145.51325554940823,-35.81583391288975],[145.51164659008438,-35.81190132275059],[145.50676219084855,-35.812084142407436],[145.50256182180382,-35.809435492094075],[145.50031379206987,-35.81032582194148],[145.49554867297547,-35.80899676159705],[145.49430705264672,-35.813969481542074],[145.49198266290358,-35.8150632513855],[145.48765931386635,-35.81252887106448],[145.4822157946408,-35.81346181068734],[145.47795016560448,-35.810830170369925],[145.47454526598716,-35.8123735601404],[145.4721342767087,-35.809217399950164],[145.4715276865843,-35.81130861992116],[145.46782588693372,-35.81361590967584],[145.46909671624778,-35.8181618297949],[145.46403610666536,-35.821885619463316],[145.46440776626477,-35.825101039510436],[145.46253216637982,-35.82685621939001],[145.456784507396,-35.82597611898021],[145.4533988384248,-35.821397448712354],[145.45066425886304,-35.82140495852026],[145.44796111873995,-35.82666386836466],[145.4481397883141,-35.83041310840169],[145.4417993887783,-35.83564556799049],[145.4390312993223,-35.834707717789996],[145.43636152028014,-35.82971143756994],[145.42915673093796,-35.83443053709504],[145.42547399211307,-35.82891538680063],[145.4198798930914,-35.82816069640329],[145.417687553139,-35.83104078626833],[145.413634593759,-35.83133467598604],[145.41641250300637,-35.83423166619973],[145.42067898218468,-35.83551990650735],[145.420482612031,-35.83727063650501],[145.41552033277927,-35.837734846160025],[145.41124828370704,-35.83545215584563],[145.40972692383556,-35.83654861574613],[145.4111134732514,-35.83996667586563],[145.40991813307886,-35.84341519580433],[145.41195188243648,-35.84639830596636],[145.410631202416,-35.84859980588813],[145.40482997310903,-35.85086554549631],[145.3990110941754,-35.849627835080526],[145.3871563060284,-35.85012879425363],[145.3799728266693,-35.85499839378262],[145.37737043669014,-35.858765453625075],[145.37424775711537,-35.85949545341138],[145.36944789801026,-35.85833146306808],[145.36066193912214,-35.86118902247245],[145.35882573897308,-35.86540297237157],[145.355406709349,-35.867054622143414],[145.35240247996666,-35.865782071925224],[145.350072130904,-35.86044743172766],[145.3414913520818,-35.86237163114096],[145.33323388419572,-35.854914960515984],[145.32747897525925,-35.853606080105926],[145.32445919605368,-35.85067310987617],[145.31822580660653,-35.85494870946936],[145.3121955475008,-35.85567033905368],[145.30904643750463,-35.860452108865374],[145.3016767388992,-35.858467738339],[145.29654775950536,-35.86055333799539],[145.29273973039057,-35.85796070771337],[145.29266312083902,-35.853808517680974],[145.28401999195188,-35.85645472709666],[145.28305312228431,-35.854770807018404],[145.28502363240082,-35.850640817128614],[145.27866567314015,-35.853342916703866],[145.2772358738083,-35.84916801657722],[145.27270456495467,-35.845189666236166],[145.27056619522224,-35.84591819609224],[145.26708036509976,-35.85243288589235],[145.26202830617916,-35.84989165552466],[145.25835871669227,-35.85062970527449],[145.2580542370148,-35.84801960523633],[145.26418796663492,-35.842230045624824],[145.2596516376583,-35.83942805529133],[145.26072233790688,-35.83541263533956],[145.25296437919698,-35.83500667479797],[145.2461836807794,-35.83030781429649],[145.24049566134332,-35.8336586439235],[145.2369224820481,-35.832414873667425],[145.23527308260066,-35.82966864353509],[145.22914223320313,-35.83333434313369],[145.22503518398534,-35.8321709828413],[145.22306519392836,-35.835745802727985],[145.22010010430563,-35.83669928252865],[145.2243714333167,-35.83958611284358],[145.2227896332729,-35.8424377827525],[145.2159307744839,-35.84141003227037],[145.21714171468423,-35.83763003232967],[145.2152276551379,-35.83623502218793],[145.21228863565227,-35.83583724198167],[145.20738456621933,-35.83796042165577],[145.1978131180906,-35.834785980972285],[145.19339459850517,-35.83762381068494],[145.18981283943302,-35.83425459041512],[145.1826367104848,-35.835239229925094],[145.1810193200384,-35.84201338985735],[145.17175787187378,-35.83870495919546],[145.16809132206487,-35.84253174896697],[145.15346184436729,-35.84303245795968],[145.15305295463165,-35.84112619791904],[145.15750803423035,-35.83809522820693],[145.1591763646943,-35.83106378827636],[145.15489506547402,-35.830190177975],[145.14747870632394,-35.83348821748448],[145.13958500811034,-35.828525536907456],[145.13872941777151,-35.83310599687826],[145.13664216798756,-35.83425754674178],[145.13434272858913,-35.83203130656868],[145.1340387891227,-35.82737115651736],[145.1305597896013,-35.828150956282535],[145.1286334800463,-35.82685197614125],[145.12768989083716,-35.82070346603616],[145.12616507096692,-35.82181460593828],[145.12744605009087,-35.82826071606858],[145.12627965012615,-35.829726695997714],[145.12295458083418,-35.82806160575768],[145.12232741169058,-35.820790875667086],[145.11534212227053,-35.82602525521989],[145.11389406266284,-35.82449119511014],[145.11551016275487,-35.82110162519939],[145.11409743304094,-35.82053511509837],[145.1039908938358,-35.82854031445453],[145.10201581416072,-35.82847180431813],[145.09943644485557,-35.82577549412304],[145.09192822500884,-35.835943473672614],[145.089170845951,-35.831139623451655],[145.09341267560447,-35.82789976372235],[145.09000420640763,-35.8254437334719],[145.08452835702346,-35.82800265311196],[145.07742957822884,-35.82739520261999],[145.07798375781329,-35.83054401267856],[145.0764861379232,-35.83180907258387],[145.07412638883048,-35.826719222388554],[145.07183232852645,-35.833216752273216],[145.0610614398378,-35.83729641155993],[145.0538506112201,-35.835158931050984],[145.0543972508689,-35.83770098110504],[145.05086775133128,-35.83872460086946],[145.04939279174897,-35.83698369075691],[145.0516371316885,-35.83407619089201],[145.04971847204075,-35.833657620757606],[145.04098185262154,-35.84164052021022],[145.0388053633115,-35.83835920003959],[145.03619693284352,-35.846945389916606],[145.02990941358678,-35.849552849502544],[145.02458283469676,-35.84711687912166],[145.0227693843286,-35.853504799038966],[145.0190044846119,-35.85663405880141],[145.01320269544146,-35.857655108410725],[145.00697489659234,-35.85623104797513],[145.0007537383085,-35.84931962750442],[144.99971552789958,-35.85490184746971],[144.99226912936558,-35.852325516943615],[144.99337949881956,-35.85588277704267],[144.99126289910888,-35.85638517690119],[144.98970704952248,-35.854807166784546],[144.99144177881328,-35.858970486930254],[144.98499340000404,-35.857504186479844],[144.9819964302379,-35.859921036290714],[144.97915246085608,-35.858372526086285],[144.975494531199,-35.860766515851935],[144.9708017519279,-35.861035675533124],[144.9709158316673,-35.86338515555621],[144.9681931618869,-35.8655143453841],[144.9697002914016,-35.86786474550228],[144.96896060118692,-35.87110428547284],[144.97239526038567,-35.873502595723],[144.96972720028288,-35.87867426557439],[144.9749609389064,-35.88383179596539],[144.97272544880326,-35.8883293958419],[144.96475144931068,-35.89589014534648],[144.96726858836934,-35.90107592555202],[144.96698506799206,-35.905177235559314],[144.96495368827527,-35.90561209542343],[144.96191308815867,-35.91150452525412],[144.9586683286833,-35.911500405032605],[144.9528035291027,-35.91662252466566],[144.95292867860928,-35.92121189470399],[144.94891382817997,-35.93166867449797],[144.95150455740324,-35.93513802469721],[144.95047185686613,-35.941963824671056],[144.95527540562668,-35.946444735027875],[144.95399603521065,-35.95248176497973],[144.95746089409928,-35.95781576525078],[144.9573839837837,-35.96099284526613],[144.95503380400802,-35.962504425115554],[144.94491244556468,-35.963297564430235],[144.94153717575247,-35.96677376422263],[144.9366860665988,-35.9661843538881],[144.93101140728336,-35.96845650351609],[144.92590006747088,-35.97466674320812],[144.92361276638889,-35.98875463314363],[144.9297005952135,-35.99058471357021],[144.93622700323252,-35.99952873407292],[144.94576527119344,-36.00429879475418],[144.94716732058552,-36.00798252487366],[144.94550527042216,-36.01217263478745],[144.95416314858977,-36.0163139754049],[144.9545756982649,-36.01880890544921],[144.9576687676635,-36.01977208566653],[144.96034023744173,-36.017726325835625],[144.96183697714966,-36.01820249594089],[144.96232286617104,-36.0269003660304],[144.9665623751724,-36.02990199633931],[144.96552429455804,-36.0374652763174],[144.9678142637101,-36.04206497650356],[144.97185592274613,-36.04503635679883],[144.98206287075425,-36.04826455751719],[144.9859378192715,-36.05649654783539],[144.9870026183273,-36.0639329979563],[144.98191468828608,-36.072302597662635],[144.97609433908906,-36.07368266727379],[144.97389994919357,-36.0761154071396],[144.96522503028098,-36.07923137656724],[144.95421052207644,-36.079187935815085],[144.95178288213384,-36.0824455656705],[144.94829604265487,-36.0828907154355],[144.93646575531326,-36.07579179458288],[144.93821726532465,-36.072928464683756],[144.93771715571177,-36.06997228463052],[144.93397660641222,-36.069078544369795],[144.93262005684397,-36.06703601426412],[144.91350796036664,-36.06300899293633],[144.90854053106855,-36.064031122604845],[144.90387313215473,-36.06085777226674],[144.90161289223786,-36.063612542130805],[144.89798238295643,-36.06236808187583],[144.8890561842777,-36.06362633127707],[144.87501787717704,-36.05763616028454],[144.86346627890424,-36.059098249509745],[144.86430923808825,-36.06569345960961],[144.86355492791807,-36.0685374995768],[144.86061704832792,-36.06919709938168],[144.86137860793355,-36.07182469945036],[144.8594739182626,-36.0716374493199],[144.85751724890824,-36.068456589166594],[144.86069680857554,-36.06666559937074],[144.857540249244,-36.06515788914683],[144.8538825193994,-36.069428148926306],[144.85647990855378,-36.07353988912908],[144.852593419143,-36.07395700886815],[144.84957097991938,-36.07118965864528],[144.8471825201352,-36.0728683784942],[144.8508571287385,-36.080632238793555],[144.8494884588246,-36.081959728709315],[144.84653965940728,-36.08096028850291],[144.84494851944467,-36.08311307840895],[144.84190656994255,-36.08308532820257],[144.84166664953884,-36.087389608214124],[144.84392107867058,-36.09226160839841],[144.83979731912044,-36.09441378813282],[144.843148058437,-36.095754068368585],[144.84192792814073,-36.10056352831695],[144.8353534594229,-36.098506927858146],[144.83022672981863,-36.10277673753842],[144.82361958090146,-36.10271109709057],[144.81990962096876,-36.107934566873155],[144.8172146717121,-36.10497403667162],[144.80989904316655,-36.102415756160106],[144.81634637135213,-36.10985265664437],[144.81345954174543,-36.110602166453866],[144.80640469321926,-36.107444575956215],[144.80787403270398,-36.11013054607295],[144.8071385124872,-36.113407076044346],[144.81214745174861,-36.11265139637831],[144.81336811142145,-36.11389958646895],[144.80787646131805,-36.123615076160156],[144.80404887200294,-36.123022105897455],[144.80125930278143,-36.11987017568848],[144.7965823935452,-36.11985628537223],[144.79620372392978,-36.11671262532632],[144.8004603534057,-36.115060215603414],[144.7985575239082,-36.113186515462694],[144.79664500413188,-36.11404363533894],[144.7919272640186,-36.12263691507556],[144.78804424479404,-36.12124924480423],[144.7852708851395,-36.12228856462359],[144.78811725440198,-36.12495278483307],[144.78687386432605,-36.127667694766586],[144.77707047570345,-36.12982406411844],[144.77345638674404,-36.12542458384607],[144.7736227871827,-36.12088275382798],[144.7711487377599,-36.119187203650064],[144.7719020879517,-36.11611856368109],[144.76842176854782,-36.11583740344441],[144.76413810886072,-36.11959737317965],[144.75687343013016,-36.11876752268433],[144.75421698019815,-36.122332072528216],[144.74824582123316,-36.12173324212185],[144.74480024234597,-36.11635027185492],[144.74347812331493,-36.10898825171833],[144.7405753139338,-36.107563461513564],[144.7312742650022,-36.11193953091543],[144.73515258401954,-36.11536600119868],[144.734664493983,-36.11650157117315],[144.72711439507103,-36.11789980067386],[144.72513052560748,-36.11581605052688],[144.72548600590358,-36.11235253052847],[144.72117687637402,-36.11462320025315],[144.71751826719222,-36.11245332999299],[144.7196987074754,-36.10620325009935],[144.71913683813253,-36.10066718002582],[144.72538566729554,-36.09889314043484],[144.72335572806767,-36.094573060270356],[144.72603512803482,-36.090621920425164],[144.7251959483067,-36.08929898036015],[144.71986136904323,-36.09059463000956],[144.71903101965876,-36.08589168992333],[144.7151333802542,-36.08627716966363],[144.71203867026284,-36.09113051948684],[144.7071002208847,-36.092919979166346],[144.7044200813864,-36.09228287898208],[144.6988921228007,-36.08724641857806],[144.69752804233053,-36.09403450853023],[144.69290264337542,-36.09117839820108],[144.68826786365355,-36.095857287920026],[144.68391348443777,-36.095124607622935],[144.68478956479117,-36.090255857650334],[144.68238701582374,-36.083963077448445],[144.6860149955306,-36.081040687673124],[144.68633769605876,-36.075341397658],[144.69154374543874,-36.073107217993154],[144.69245033562555,-36.069825738032854],[144.6879552567095,-36.06636817770867],[144.68964586679277,-36.062849417799455],[144.68871508710492,-36.06127215772676],[144.67865567862052,-36.0624659670592],[144.6785445779469,-36.06925989709563],[144.6741201788007,-36.067948346790274],[144.66994943910998,-36.07158089653396],[144.6678619097548,-36.0685839163746],[144.66474059945577,-36.07651803621653],[144.66087480015537,-36.075829795952906],[144.6580280311746,-36.07036610572682],[144.65497146116695,-36.075335905554056],[144.65280282169766,-36.07358988539747],[144.65415316214677,-36.06700949544548],[144.652206292867,-36.06304156528941],[144.653197533703,-36.05322719529244],[144.64689432496095,-36.05094046485542],[144.64638326451322,-36.05616729485496],[144.64340961496367,-36.05649648465793],[144.6413214154121,-36.05542783451122],[144.63690826693696,-36.04748108416446],[144.62511019840844,-36.05189903340357],[144.62749945731704,-36.058823673608096],[144.62609108723078,-36.06193339353397],[144.6183060987252,-36.0596947229989],[144.619731048142,-36.06315794311653],[144.62508765725642,-36.06329093347561],[144.62821915655636,-36.06516524369719],[144.62098235714203,-36.07100671325085],[144.6219750764351,-36.076380373351924],[144.61767630705438,-36.07717823306963],[144.61067751873966,-36.071802212567114],[144.61587312841405,-36.06666896288125],[144.6115068891512,-36.06641076258774],[144.608438309933,-36.06362754236471],[144.61370282034997,-36.05105956263541],[144.61755814014515,-36.046890872866214],[144.61700998044375,-36.04482494281623],[144.61305374129364,-36.04279030253861],[144.61890363071845,-36.0390758629057],[144.61536610163805,-36.035679502647255],[144.61547869203503,-36.03158060262831],[144.60607908307963,-36.03635978203104],[144.60640842286566,-36.03794375206326],[144.61019093209575,-36.03947036232588],[144.60665717235815,-36.042554582109666],[144.60304519300334,-36.041986651864704],[144.5990671141149,-36.03740038156939],[144.59205977464964,-36.04337997114017],[144.59027777499247,-36.04285745101785],[144.58881762568717,-36.03833945089123],[144.5832814665198,-36.03901214052616],[144.5834202771031,-36.03302106049673],[144.58129544776108,-36.029931710335035],[144.5858192571237,-36.02895921063056],[144.58645096720196,-36.02716920066115],[144.5793381589808,-36.02101398014687],[144.57314800962467,-36.024602279757275],[144.5711337600064,-36.024065969619514],[144.57050506081367,-36.01708582953251],[144.56640868136242,-36.01824668926698],[144.5641731118533,-36.01698442910986],[144.56522903230646,-36.01079564914022],[144.56339120290826,-36.00779291899836],[144.56120131324866,-36.00794652885345],[144.5610438427597,-36.013045068875904],[144.5576610232037,-36.01409397865734],[144.55366718497493,-36.00297110831948],[144.5477552757206,-36.005103727939655],[144.5474619562214,-36.00060904789109],[144.5397102974152,-36.001261567379444],[144.5297605597239,-35.99439099667324],[144.52691961023376,-35.993911136481266],[144.51975068118907,-35.99599232601822],[144.51579175198984,-35.994426465745065],[144.5124037731213,-35.988649405482676],[144.51695669266715,-35.985812165766795],[144.51680973340882,-35.97867498571089],[144.52169557328497,-35.97201865599252],[144.51789760419143,-35.969135695721505],[144.51399474430065,-35.97435093549595],[144.51081668486486,-35.97387099528174],[144.51086875529555,-35.969501885256975],[144.51542165483016,-35.96677973554178],[144.51516668500494,-35.96545266551628],[144.51210275550682,-35.965406735312456],[144.5068777657849,-35.971079115002134],[144.50047285691025,-35.97022723457144],[144.4992918573631,-35.96762719447625],[144.50237484721671,-35.96410206465809],[144.5033828075678,-35.95897789469187],[144.50136959798564,-35.95806964455237],[144.4997865675299,-35.96516645449318],[144.49671719764623,-35.968969264314076],[144.49396868813167,-35.968578374129194],[144.49158096885904,-35.965193333948896],[144.48945943915538,-35.96567192381128],[144.48739571966115,-35.96397018366341],[144.48864421014682,-35.957110113701866],[144.48338687071174,-35.959983363371826],[144.48123587120006,-35.95859522322024],[144.48355902119243,-35.954912383350454],[144.48183847160448,-35.95358743322782],[144.4823848917009,-35.9517420932521],[144.48788956086318,-35.95119042361354],[144.48758843108172,-35.94949862358263],[144.483033311823,-35.94947530328044],[144.47976406197162,-35.953282463088335],[144.47768364249518,-35.95142708293844],[144.48090512237877,-35.94737553312578],[144.47942052283145,-35.94526227301371],[144.4764471532703,-35.945695522819435],[144.4749701132917,-35.94787276273562],[144.47176607401872,-35.945804332509965],[144.46848514444682,-35.946843792299354],[144.46669692483005,-35.94591376217488],[144.4675561349554,-35.943271292214696],[144.4722388144522,-35.94071264250836],[144.47024915489646,-35.939498962368695],[144.46385287582635,-35.940571751951985],[144.46387898607748,-35.93802149193722],[144.46749651574768,-35.93545696216022],[144.46655868608676,-35.933589442086024],[144.4618334067709,-35.93440898177842],[144.46055947645954,-35.93958273172753],[144.45855625686266,-35.93880121158987],[144.45759083732707,-35.935725261506064],[144.4532895678831,-35.93713926123054],[144.44698000906854,-35.93551795080259],[144.44560324973096,-35.93112642068313],[144.4424198700674,-35.93292416048422],[144.43914129077632,-35.93115071025596],[144.43935139139313,-35.92463855022772],[144.43566563196967,-35.92484824998542],[144.4328595628961,-35.92012836976941],[144.42651137406463,-35.9187305493409],[144.42675880454772,-35.91349012932334],[144.42295287535165,-35.9116148190598],[144.4234345158348,-35.90599186905524],[144.42035758630843,-35.90624120885364],[144.4208067557778,-35.910829608912984],[144.41698540643395,-35.910458978658255],[144.41571448681978,-35.90865609856269],[144.41695153691336,-35.90570835862528],[144.42101645655814,-35.90266816887403],[144.4249707559496,-35.902347399133134],[144.4243873962603,-35.90018074908058],[144.41893740714394,-35.90017182872059],[144.4146298173718,-35.904883248466675],[144.4079338685447,-35.90399975801901],[144.40861340895336,-35.89879587803019],[144.41218219858425,-35.89670060825216],[144.41664775772915,-35.8980225485555],[144.4171781077752,-35.89670000858197],[144.41465279835495,-35.89498726840416],[144.41818897795986,-35.893206598626094],[144.41355170879086,-35.89240380831476],[144.41222477958894,-35.886552788189306],[144.4068869407259,-35.88381481781931],[144.41151598024598,-35.881111588107295],[144.40504495118253,-35.882224727687486],[144.4036343515674,-35.88065301758426],[144.40865370130356,-35.87514620787978],[144.40423574191942,-35.87614132759472],[144.4040566321454,-35.87416353757009],[144.41094253132877,-35.871175608005125],[144.40904534176013,-35.86992692787182],[144.4036779525378,-35.8708384575236],[144.40193228310218,-35.868006597390114],[144.40811017233625,-35.86566144778249],[144.40519542334084,-35.86030768755551],[144.410691882432,-35.86050740791949],[144.41139448246943,-35.858990277956046],[144.4071273132136,-35.85844757767093],[144.40072935405132,-35.86042740726169],[144.39864141416749,-35.86265358713841],[144.39725343471696,-35.85938773702573],[144.3944550650438,-35.8606519968494],[144.38889092616114,-35.85846715646847],[144.39032459671768,-35.85053956651162],[144.3885968469613,-35.850898626400074],[144.38696521681015,-35.85507230631957],[144.3814394779684,-35.85241028593825],[144.38449970805644,-35.846546216101885],[144.38059294899207,-35.843486685824686],[144.3843199785464,-35.84190940606001],[144.37511668015424,-35.84069922544596],[144.373082560824,-35.83726578528979],[144.37619294052135,-35.83525164548155],[144.38145718948994,-35.83707006584006],[144.38170819977293,-35.8338129258355],[144.38367265940474,-35.834324125968216],[144.38494435886057,-35.8377318160741],[144.38661365875203,-35.83610967617358],[144.38144719992943,-35.83266234581083],[144.37845159042536,-35.832542905612755],[144.3751178107574,-35.83462432540669],[144.3721958414964,-35.83193749519689],[144.37400770142693,-35.8296877953016],[144.37939802058997,-35.829345825654364],[144.37496876143248,-35.82806836535439],[144.37482728172947,-35.82530719532719],[144.37899927142146,-35.821621725578055],[144.3835086706753,-35.82180107587626],[144.38412478079914,-35.81955211590228],[144.38148836131748,-35.81862044572256],[144.37524826212854,-35.82060250532441],[144.37244492297117,-35.816674405114384],[144.37097578301666,-35.81860720503019],[144.37183735240686,-35.82334901511763],[144.36871322276895,-35.824785894921284],[144.36660888317073,-35.82416294477874],[144.36481254378225,-35.82092379463953],[144.36614922405707,-35.815977674695446],[144.36887419389097,-35.81321616485691],[144.37309544325834,-35.812722615131605],[144.37749075238872,-35.81433294543146],[144.37747598271324,-35.811087785409455],[144.36784851413304,-35.8124455447844],[144.36671545443562,-35.811240014702015],[144.37221612383624,-35.808329525045224],[144.3723811640871,-35.80553222503797],[144.3757131238873,-35.802125815235264],[144.3729812646972,-35.79840657503125],[144.37685809435197,-35.79557996526821],[144.3768557346117,-35.79296593525111],[144.3744171852241,-35.79075843507622],[144.37016919594282,-35.790422164794364],[144.3652559862002,-35.79582178450602],[144.36233529667163,-35.795820854313824],[144.36185044711993,-35.79208752425773],[144.35534414852862,-35.78846524380626],[144.36028868809433,-35.7847974641077],[144.35451332879126,-35.78716712374319],[144.35155238947806,-35.78505559353479],[144.3532673501268,-35.77571084358696],[144.34800454094864,-35.775982463242705],[144.34684385126948,-35.774631893157654],[144.34952497114713,-35.771500283313586],[144.34911711164557,-35.767128863258414],[144.34698486196274,-35.76739734312],[144.34295432220313,-35.771535572881945],[144.34062983273637,-35.76993389271881],[144.34152793318967,-35.763887812738595],[144.33931375344088,-35.76495643260006],[144.33640116337395,-35.770381042443915],[144.33103024477484,-35.76497115205608],[144.32756159528017,-35.765515951831865],[144.32447195547243,-35.76861093164913],[144.3186572166125,-35.766561501254245],[144.31882859676344,-35.76475369125376],[144.32257766628965,-35.7634311814912],[144.32164727698841,-35.7578761113941],[144.32796644618134,-35.755736441795],[144.32912841619282,-35.75372525185824],[144.32783814650864,-35.75263301176645],[144.31778235817967,-35.75212066110316],[144.31646281795915,-35.75650775104504],[144.3146770381984,-35.75699963093109],[144.31279327874998,-35.75448790079123],[144.31386348899244,-35.750284590834156],[144.31171427942354,-35.74942532068762],[144.3099048096293,-35.7502951505746],[144.30676299945145,-35.75722818041358],[144.30342550009198,-35.75618892018804],[144.29999209108058,-35.751776459934376],[144.29800311137265,-35.7520652398059],[144.2970464312845,-35.75452242975915],[144.29528250158432,-35.75436552964256],[144.29452229206845,-35.75069800956897],[144.30128478174058,-35.74297240996197],[144.29606707316222,-35.7370775995818],[144.28939554409266,-35.73854075915426],[144.28554752487022,-35.7369398088919],[144.28230647509858,-35.73992216869905],[144.27784545573667,-35.74074079841239],[144.27841245530323,-35.74421478847203],[144.2743592557453,-35.74635844822071],[144.27050509561545,-35.753986818018035],[144.2645016068388,-35.751389887608546],[144.26124508760066,-35.74898126738001],[144.26204433776624,-35.74598889741284],[144.25892789868416,-35.74176271718169],[144.25394863982194,-35.73835036683413],[144.2547510999957,-35.73526800686658],[144.25162715076462,-35.732564946644914],[144.2532550707636,-35.72990691673404],[144.24948503130574,-35.730569246492024],[144.24758041172927,-35.729381116359896],[144.24815587245791,-35.721020626343226],[144.2305768558365,-35.71543517515935],[144.22565106713833,-35.71024712480433],[144.21595852906927,-35.706463564147725],[144.21574601962504,-35.701140734099326],[144.21970345921073,-35.698870224342606],[144.21621349002564,-35.69628414409829],[144.22165364938016,-35.69393922443775],[144.21956423986848,-35.69238627429142],[144.21514306060553,-35.69212223400149],[144.21348836140686,-35.68665782385815],[144.20829201216964,-35.687403123524355],[144.2066256825976,-35.68576904340517],[144.2038939028429,-35.687752073240105],[144.20278546335095,-35.68438211314602],[144.19936447369548,-35.686484132936876],[144.19514468443674,-35.68584521265798],[144.19154496551312,-35.68075874239064],[144.1883592660441,-35.68056742218208],[144.18966464620834,-35.67673999224217],[144.18645965687278,-35.67521422202371],[144.18994135644255,-35.67388881224167],[144.18674130705764,-35.67285923202673],[144.18679401728775,-35.67041778201431],[144.18030264803437,-35.67345731161176],[144.17679484870322,-35.672383961376674],[144.17443208887192,-35.67454597123709],[144.17182166955635,-35.67183512104979],[144.1623563511096,-35.671512950432586],[144.16260352141575,-35.667967700425635],[144.15831033275236,-35.66133989010371],[144.15845566303713,-35.65817992009263],[144.15443903375166,-35.65747193982719],[144.1514609846333,-35.65333621960698],[144.15400691454428,-35.650052509750935],[144.15702947395948,-35.65107035995381],[144.15356075499733,-35.646139009696554],[144.14957880564796,-35.64602664943731],[144.15263535548453,-35.642664839613886],[144.14657489627962,-35.64449529923239],[144.14810645593442,-35.64551404933841],[144.14743034588474,-35.64713853930508],[144.14293282659747,-35.64723910901386],[144.14070315701787,-35.64660021886505],[144.13799803802468,-35.64072237865139],[144.1314939490668,-35.64074828822977],[144.13145521977816,-35.633500298180174],[144.1277630802682,-35.634557277947685],[144.1263661407772,-35.63163037783812],[144.11755250274808,-35.62591292722987],[144.11989213284883,-35.621011187349595],[144.1148285337889,-35.61970046701307],[144.1135786242805,-35.616704816912645],[144.11589169428393,-35.61284831703738],[144.1110209455923,-35.60742280668669],[144.1141644652916,-35.60532590687662],[144.11351717570412,-35.60214691681404],[144.1097107063174,-35.60211877656739],[144.10890756663093,-35.600216016503005],[144.11109461640544,-35.59892528663621],[144.10983558666362,-35.598345576550926],[144.10334671773336,-35.59804583612894],[144.1062017275347,-35.59537434629636],[144.10502150817092,-35.59076754619003],[144.10203636857432,-35.59154308600188],[144.1005797690744,-35.58879517588973],[144.09817324945706,-35.58882739573425],[144.09632821992406,-35.587061445603396],[144.0920524005645,-35.587526265329856],[144.08584649187,-35.584320944907745],[144.07963466286557,-35.58432386450627],[144.07586005379025,-35.581023664240924],[144.0725897343605,-35.580547734026574],[144.07185544469624,-35.57829466396449],[144.06852014504597,-35.58020559376153],[144.0660870256832,-35.577649803587796],[144.0622915663781,-35.57675534333696],[144.0639640067119,-35.570532293404455],[144.05373856887536,-35.56510092270925],[144.04680675017644,-35.56312887224933],[144.04788543066522,-35.556278822274315],[144.0461139313082,-35.55255834213589],[144.04400743164447,-35.552569512000154],[144.043209201501,-35.555379801966964],[144.04148450173784,-35.555788291858434],[144.03877012240082,-35.553423491668106],[144.03922172273187,-35.54924376167001],[144.03408875290606,-35.55595801138291],[144.03184056347234,-35.553820771224174],[144.02941080362217,-35.55630233108379],[144.0188925856318,-35.5529333003846],[144.0151666660612,-35.55467053015611],[144.01270787651393,-35.55405980999391],[144.0094162366566,-35.558051809808106],[144.01230300578598,-35.56228721002137],[144.00965165611385,-35.563293849857324],[144.00307137740887,-35.56079616941786],[143.9967150388925,-35.55596457897779],[143.99299957944336,-35.556426108742],[143.98987128011535,-35.554650808529445],[143.98959418032337,-35.552949838500574],[143.996360369595,-35.54925574891138],[143.99922665951146,-35.54535403907023],[143.99563774039123,-35.54218361881893],[143.99673630081682,-35.53593177884887],[143.99243149168402,-35.53408076856017],[143.98926936206868,-35.535344628365216],[143.97694701417294,-35.53397621756496],[143.9746659546757,-35.53254369740923],[143.97151727593047,-35.52472654715629],[143.96932826644039,-35.52306439700502],[143.9709449364754,-35.52000476708886],[143.9624475484144,-35.51396746650444],[143.96468819858063,-35.508498766612576],[143.96726223815253,-35.5086696067788],[143.9692119576371,-35.510790756917686],[143.9725390072225,-35.50956548712321],[143.968657708256,-35.50526582684617],[143.97010738852322,-35.50006487690532],[143.9675523788931,-35.50046761674403],[143.96832540859526,-35.50228356680544],[143.96689178876758,-35.50287691671733],[143.96100760008227,-35.498979356314564],[143.96100934965847,-35.50339576634341],[143.95898757987905,-35.50446719622074],[143.95306782088784,-35.503819515837016],[143.9488388718517,-35.50081931554649],[143.94584275220066,-35.50217758536338],[143.94192701287807,-35.501643345109066],[143.93676132358505,-35.50288730478634],[143.93586084344534,-35.50585092474799],[143.93336060377382,-35.50659697459278],[143.93225729436938,-35.50221904449366],[143.93565822394635,-35.500956564703166],[143.93505143420444,-35.49927422465336],[143.92990425480244,-35.5016266843392],[143.92405815573917,-35.501608233965],[143.92205459624978,-35.499619983823905],[143.9182674067476,-35.50074818358901],[143.9165212471823,-35.499123173466785],[143.91727278726316,-35.497020263501156],[143.912227528275,-35.49487525316462],[143.91236651782663,-35.49933348320251],[143.90878199847853,-35.49851115296804],[143.90618948875613,-35.499944952811695],[143.90388185957448,-35.495242522633646],[143.90773892906216,-35.49414888287299],[143.90505234955384,-35.4934992626971],[143.89939503029186,-35.49524384234703],[143.88750327314335,-35.48529067152299],[143.88058097406105,-35.48727247109418],[143.87659049480575,-35.486153410832365],[143.87138710643228,-35.477815460446294],[143.86975451660552,-35.47873614034819],[143.8697071563291,-35.481716610364586],[143.86387209769006,-35.47722127996341],[143.86112378785586,-35.480093219806975],[143.8587904582411,-35.47996489965748],[143.85825128858002,-35.47731050960587],[143.8604304984959,-35.47453551972664],[143.85385959009548,-35.468762509270526],[143.85610862015832,-35.46432594938487],[143.85544181050275,-35.46182556932613],[143.84604162186628,-35.46327913873707],[143.83998781336416,-35.45769615831548],[143.82703597568081,-35.45508802747478],[143.82180975706214,-35.449329947105106],[143.82215229733023,-35.44592902710473],[143.81302657875676,-35.44625224652705],[143.81303972902288,-35.44342485650949],[143.81907393842295,-35.43959298686786],[143.8180234787862,-35.437531856787686],[143.80859597069525,-35.43326918616115],[143.8037872213516,-35.434442575863514],[143.80016813202468,-35.43343587562724],[143.79689298290526,-35.42965791539482],[143.79366070345148,-35.429337935187704],[143.79012345466668,-35.42246419491858],[143.77668554666104,-35.42404920407706],[143.77196647742443,-35.42394058377738],[143.76889679811802,-35.42178485356892],[143.7653740285191,-35.42348997335695],[143.76285797896188,-35.423053433194816],[143.76596837914667,-35.4158448633448],[143.76022418990908,-35.417476002991776],[143.75880751032986,-35.41541361288868],[143.76155415037752,-35.41026974302902],[143.7686010094294,-35.408407763463075],[143.7669791601013,-35.40403352333187],[143.7688300300176,-35.4017955434345],[143.76289912107816,-35.400579473051046],[143.76439343159615,-35.39257101309348],[143.76231862198074,-35.39200010295842],[143.75721936255675,-35.39450914265203],[143.7515821836496,-35.39245166228196],[143.75101034417742,-35.387822192215616],[143.745882264917,-35.38864707189667],[143.74492089527723,-35.38645156182158],[143.74430925499993,-35.39042676180879],[143.7396383054471,-35.393581341534066],[143.73499388625692,-35.39284497123574],[143.73205419661025,-35.394069571057976],[143.7304427872035,-35.39049936093292],[143.72677146782058,-35.390161880698834],[143.71504784943238,-35.3928945899765],[143.70918117040253,-35.39252558960395],[143.70923364076424,-35.388591809581634],[143.71179421054117,-35.386623789730336],[143.71169104074073,-35.384677319711166],[143.70914149121694,-35.38393526954549],[143.70555736131618,-35.38895463935211],[143.70335584162572,-35.38939528921615],[143.70129390217912,-35.38700571907058],[143.7039381423752,-35.38043773919452],[143.70235274288652,-35.377685989076625],[143.6970090231657,-35.383777048779415],[143.69315505376807,-35.38390435853736],[143.6928648243814,-35.37786863847974],[143.68932126500212,-35.37727275825259],[143.68875470565584,-35.371272768177825],[143.68423069666807,-35.36816886787263],[143.68280819681496,-35.36901806778859],[143.68263346636786,-35.37407783781054],[143.67898844700505,-35.373477677577135],[143.67645529767154,-35.370676477399414],[143.66749521902997,-35.371415236840384],[143.6666538486932,-35.37643680682015],[143.66416054897587,-35.3776599166713],[143.6667880984191,-35.379131136846155],[143.66578517829367,-35.38217334680288],[143.6680869875938,-35.3857223869708],[143.6665469477643,-35.386522556879115],[143.66329490842773,-35.38497709666451],[143.66048847878727,-35.38591463649412],[143.6571460794072,-35.38498638627793],[143.65563447909634,-35.39087440622123],[143.65240486956014,-35.391421066021806],[143.65388015900191,-35.394866086136936],[143.648961689735,-35.39541505583142],[143.64733419968545,-35.398714015750635],[143.64234514026498,-35.40102410545227],[143.6400500306478,-35.40084650530697],[143.63765492147658,-35.39607780512553],[143.63420487196595,-35.39672961491318],[143.63124723255297,-35.395499084719546],[143.62938778314384,-35.39235528458238],[143.63464604284684,-35.386568094874754],[143.63302539339676,-35.383454204752745],[143.62992564376952,-35.384752744566654],[143.62630350470295,-35.380948784314604],[143.62415955484465,-35.383088924194034],[143.62469957430937,-35.38789027425916],[143.6204224150122,-35.38766960398943],[143.61901861576237,-35.382041283864766],[143.61332128714713,-35.37694478347438],[143.6165845170821,-35.37207474364724],[143.6160437674677,-35.3688711035925],[143.61361143796933,-35.36765133343205],[143.60975778836345,-35.37000685320585],[143.60846360889101,-35.36656718310234],[143.6058268194518,-35.365062012927325],[143.60302144986787,-35.36539419275374],[143.6037657700546,-35.36212330277906],[143.59756203169022,-35.355189052345345],[143.5984546018364,-35.3520979923811],[143.59625761234108,-35.35043956223273],[143.5903480332919,-35.35033751186211],[143.58942343373766,-35.34713631178339],[143.58445983463503,-35.34598982146532],[143.57997031593536,-35.33970751114355],[143.57498783662945,-35.340773770838915],[143.57266792731724,-35.3373542506716],[143.5703600171916,-35.342650770561825],[143.56684447766003,-35.343633480348494],[143.56208034901445,-35.33723136000913],[143.56404087918654,-35.33202709009771],[143.56411603960314,-35.32742079007241],[143.56137961030203,-35.32458971988301],[143.56378292014335,-35.32218316001746],[143.56288923067436,-35.31800288993439],[143.56648960048702,-35.313858710132344],[143.56751309081758,-35.308554190161715],[143.57262593027448,-35.30565124046237],[143.56902528114628,-35.30243414021632],[143.571125580917,-35.301308790340265],[143.57414900024315,-35.303384880542815],[143.57794351965853,-35.30318354077877],[143.57708129024059,-35.29840117069368],[143.58235924943924,-35.29799595102113],[143.57970011008473,-35.2956019608392],[143.58218710042613,-35.28768518094312],[143.58674270981663,-35.28645585122011],[143.58667339999712,-35.28463476120389],[143.59086650960916,-35.28164602144681],[143.59028785982267,-35.28033956140206],[143.58444787087205,-35.2790320110281],[143.58532891093705,-35.27682935106885],[143.587730510554,-35.276846241219246],[143.59078590035608,-35.2737584013903],[143.5897472006648,-35.272213651315205],[143.58243792177004,-35.27281081086178],[143.5807963123729,-35.269131600735086],[143.5835135723264,-35.26499204087804],[143.57845531290303,-35.26742819057756],[143.57514073361517,-35.26542888035725],[143.57383111347826,-35.269139170299596],[143.5716958039282,-35.267946330158324],[143.5709991042651,-35.26551132009889],[143.57408266461366,-35.25649252023279],[143.5701351757794,-35.25068770994815],[143.569822386243,-35.24623059989952],[143.56372403746104,-35.24353269950082],[143.5667117972944,-35.24022217966589],[143.56418579790343,-35.23797791949342],[143.56447966803287,-35.23608096949939],[143.57296068677127,-35.235181580023536],[143.57528828665374,-35.23247250015137],[143.5780909662652,-35.23187126032268],[143.57624184670385,-35.23030484019683],[143.57589589712364,-35.22637520014953],[143.58099053690603,-35.220023090426636],[143.58005936758633,-35.21428646033092],[143.5708339997344,-35.20689154970583],[143.5634389913138,-35.202493079215],[143.55946533192383,-35.20270242896815],[143.55354868258783,-35.205650678617964],[143.54702930357354,-35.206159528214364],[143.54649709352404,-35.20760439819059],[143.5496802626429,-35.211670438415815],[143.5483417826598,-35.21377728834603],[143.5431754932292,-35.21646901804126],[143.53584904433373,-35.21708226758828],[143.5291614551322,-35.219908367189795],[143.5227894062918,-35.21829376678216],[143.51832792761746,-35.21160738646058],[143.50491899953218,-35.21388624564064],[143.50145208970793,-35.21793303545134],[143.49395793070215,-35.22003320499891],[143.48406731241965,-35.218416504373515],[143.47148791433472,-35.219280253597745],[143.4661364356028,-35.214729303235806],[143.46469740694832,-35.20260252306733],[143.45922383774217,-35.2034013627329],[143.45597799890672,-35.196339782485445],[143.45022788004718,-35.19384721211258],[143.44949254060057,-35.18909881203597],[143.4338049729432,-35.190650291073986],[143.4337332926686,-35.19376113108986],[143.43118923295566,-35.19502393094056],[143.42849745350372,-35.19370182076524],[143.42584112432215,-35.18937395057255],[143.41650666529605,-35.19487507003082],[143.41222223611848,-35.1933121097556],[143.40422201735046,-35.19370256926349],[143.40050493829102,-35.189869699008746],[143.39598355871817,-35.19302533874998],[143.3910585398803,-35.18886124841858],[143.39325506982286,-35.18569035853356],[143.39109490024916,-35.184773128394156],[143.38877015048115,-35.186260598260304],[143.3869761010725,-35.18290848812765],[143.39367551045038,-35.178115398510066],[143.39182642125274,-35.17255393835955],[143.38981299170788,-35.171065498225495],[143.38767153191907,-35.17246274810238],[143.38470638248364,-35.171424847912554],[143.38426705230827,-35.174100107902895],[143.38192422279357,-35.17285190775014],[143.3874518028842,-35.16230232802248],[143.3826201536038,-35.162796847727435],[143.38340720365937,-35.16082812776316],[143.3869393631965,-35.15977709797434],[143.3822910042735,-35.15604811766303],[143.38465179419694,-35.152802357787564],[143.38944624366925,-35.150278788067084],[143.39065370395286,-35.14509373810776],[143.38670126475287,-35.14318366785124],[143.38704887521087,-35.137577467836074],[143.3766572376365,-35.12902110713882],[143.3739112386584,-35.122589716927386],[143.3687745997259,-35.1197916065923],[143.36597513012327,-35.120285346422925],[143.361973891066,-35.11688685615405],[143.35771151283393,-35.10489450581299],[143.36076861252212,-35.10301902598912],[143.35289133407662,-35.099617365481556],[143.3526482638054,-35.10301241548878],[143.34877481463536,-35.10062045523458],[143.350085554083,-35.10440745534005],[143.34810863430232,-35.10542737522498],[143.34431485547435,-35.09914437495034],[143.34457540568238,-35.0964103849485],[143.34086420633312,-35.09570106471542],[143.3458781757175,-35.09376746501142],[143.34093082698092,-35.08847474467227],[143.3420125669373,-35.08707890472971],[143.34502983646757,-35.087006474914965],[143.34165027717793,-35.08506552469425],[143.34366600709632,-35.082468444801336],[143.33745278826495,-35.080404564405455],[143.34299516751017,-35.07908776473795],[143.34292638775636,-35.0765038247168],[143.34552672757022,-35.07404258486078],[143.34364731806807,-35.07183256473062],[143.33904263892765,-35.07037091443766],[143.33906473912384,-35.06817763442467],[143.34190462900793,-35.06453000457559],[143.3467834181217,-35.0658116248843],[143.34705369785326,-35.068290554917155],[143.34966536729323,-35.069915365088605],[143.3508437475835,-35.064688865126975],[143.3445602388542,-35.06161834471998],[143.3420426995264,-35.05859630454525],[143.34081682965964,-35.05925602447412],[143.341634119249,-35.062351484544685],[143.33766912997177,-35.06128076429367],[143.33681257024094,-35.05980762423134],[143.3398918701898,-35.055033704389565],[143.33677842130842,-35.04813480415284],[143.33416200158175,-35.04966415400189],[143.33453770111248,-35.05417151405449],[143.3325071713536,-35.055040563935286],[143.33049868177713,-35.053866443804054],[143.33332763203313,-35.04614775392754],[143.33654961179275,-35.04320700410651],[143.32868580278856,-35.04588675364035],[143.3278483130764,-35.044173033577636],[143.32948004306894,-35.04142572365999],[143.32443488381415,-35.04197521335338],[143.3278236136484,-35.03792321353521],[143.32208759466224,-35.03671366317465],[143.32766685404317,-35.03385147349891],[143.33049267327394,-35.03741570369602],[143.335993522412,-35.03736235403404],[143.3352405432589,-35.02935407393529],[143.3329042537583,-35.027908893782104],[143.33493549358562,-35.02628892389644],[143.3318703642954,-35.02379109369156],[143.3351286940769,-35.02055017387075],[143.333324244577,-35.018174113744195],[143.33411553473223,-35.01509523377269],[143.33812419448444,-35.0108785539917],[143.33583670556294,-35.002972863799165],[143.3297007472024,-34.99555305337315],[143.32633386798366,-34.99278237314798],[143.32325230834627,-34.994128072967364],[143.3186458991774,-34.992955132676556],[143.31811658988227,-34.986103982599154],[143.3230754495108,-34.98160256287441],[143.3237805896516,-34.97882911289957],[143.321407330488,-34.97372215272023],[143.32319538050695,-34.97041532280845],[143.31961765122668,-34.96867923257719],[143.31950194242555,-34.95565838248471],[143.31722647299262,-34.95334556232972],[143.31793469300348,-34.95199873236441],[143.32249141237892,-34.95099280263784],[143.31961948309038,-34.94812043244249],[143.32230402282917,-34.94635109259586],[143.32179756325613,-34.94251826253959],[143.32435837274093,-34.94376652270519],[143.32901809235113,-34.939997392966944],[143.3316687118095,-34.941381273139015],[143.3328473718635,-34.93874565319421],[143.33489953145028,-34.93975011332702],[143.3341689114087,-34.941472553293394],[143.33657393068364,-34.94530287346647],[143.3385022804765,-34.944248953578196],[143.34118992039376,-34.940511433719045],[143.3374302509943,-34.94039720348696],[143.337502651284,-34.93707847346965],[143.3409669408555,-34.935808983674484],[143.34269676085148,-34.93286118376159],[143.33900365199997,-34.92658974349318],[143.3422060921729,-34.91914545364139],[143.34025582296618,-34.913771403486095],[143.33851413333153,-34.912754183372236],[143.3361842736029,-34.913790813235714],[143.33318242431633,-34.91111355303348],[143.32985390525116,-34.90655697279888],[143.33259213497135,-34.904907232956425],[143.3257643166618,-34.89806096249166],[143.32845789647345,-34.89547980264031],[143.32236279776384,-34.89177714224133],[143.32130011820692,-34.888721902155964],[143.32372167823127,-34.88426187227549],[143.32656734776344,-34.88450495245201],[143.3277916677355,-34.88269550251539],[143.33399793644705,-34.886188442919995],[143.331806326627,-34.88799186279703],[143.33261783641507,-34.888928042853095],[143.33574914616216,-34.88630453302847],[143.33388232656858,-34.88504635290536],[143.33592354637693,-34.88363246302164],[143.33638557666617,-34.87964071302384],[143.3386819261202,-34.881697473178626],[143.34211802562365,-34.88123843338705],[143.34325279563177,-34.879188163443416],[143.34072797613064,-34.87804604328053],[143.3428849159808,-34.875972183399654],[143.33727111692286,-34.87527624304964],[143.3384099671953,-34.870299733087],[143.34349297679765,-34.86590613337093],[143.34863106609617,-34.86477249367975],[143.3479122864501,-34.86210825361799],[143.35256945607352,-34.8582219238792],[143.34735806708298,-34.85608028354425],[143.34521652765628,-34.85345053339515],[143.3487070876209,-34.84781302357297],[143.3551858266455,-34.84739508396915],[143.35496364680426,-34.84602642394647],[143.3473910479528,-34.846421223482785],[143.34333269842358,-34.84823203324489],[143.34119713893287,-34.846296083100746],[143.35152645802592,-34.83847495368515],[143.35062480855254,-34.83421693360164],[143.35421095839646,-34.8297516437931],[143.35162064939615,-34.823182693590375],[143.35956504872524,-34.816886444038275],[143.35702854955713,-34.81207559385036],[143.351976420476,-34.810641323529765],[143.34756528146832,-34.807288693236124],[143.34742012179692,-34.80390750320494],[143.3517046618905,-34.79548134341327],[143.34788313283605,-34.79162234315259],[143.34506803335609,-34.790730162973425],[143.33654547444476,-34.79340076246662],[143.33299376501785,-34.793193852246795],[143.32909734624477,-34.786344261962114],[143.32173768697916,-34.79093051153993],[143.31827607752862,-34.790829051326575],[143.31344767858113,-34.78751725100818],[143.31270490930882,-34.78073648091793],[143.3088508999833,-34.77992571067594],[143.29699748134146,-34.78537706998434],[143.29429187127423,-34.790808959854104],[143.28750688285513,-34.78501720939991],[143.28433343333103,-34.78523245920679],[143.28688009205618,-34.79497190942699],[143.28366956253677,-34.7952018892317],[143.27674199388443,-34.79224754878773],[143.27357196466556,-34.78906756857262],[143.2761671648697,-34.78229831868706],[143.27180676578848,-34.77964951840252],[143.27301165589287,-34.776399348454945],[143.26271355775438,-34.77356717780579],[143.26197859755086,-34.77710648778408],[143.2577337880854,-34.77852911753368],[143.25213609947457,-34.77278976715349],[143.2542879396919,-34.76663312724459],[143.26495996826247,-34.764016007880414],[143.2715913676368,-34.759472618256545],[143.26769835856132,-34.75594094799491],[143.26858969868638,-34.75300368803015],[143.2740223878693,-34.752671848360656],[143.26529118960121,-34.74854526779885],[143.2633102796725,-34.75118823769499],[143.2489326913165,-34.75784280685921],[143.24416366232737,-34.754865586548036],[143.24338638307728,-34.7478587264544],[143.24066711371745,-34.74544759627233],[143.23789975398088,-34.747319606115546],[143.22878100536155,-34.74777538556153],[143.2273641053246,-34.75065199549396],[143.22894836444237,-34.75773797563734],[143.22439531506515,-34.75871199536576],[143.21996274606977,-34.75521558507219],[143.21911134643437,-34.75262744500319],[143.22127733696968,-34.742881895071235],[143.21385327852076,-34.73848232458927],[143.21486400863606,-34.73543475463087],[143.22246004772396,-34.732402375074436],[143.21885401854954,-34.72945697483497],[143.212939759383,-34.7304391044806],[143.20561878017145,-34.73437647406006],[143.200919750988,-34.73343373376741],[143.197462441954,-34.728654853525256],[143.19672057276784,-34.720842753428606],[143.20009222258182,-34.71704945360909],[143.19175779426172,-34.71277308307314],[143.17928877579794,-34.717315302343884],[143.1779181862168,-34.71501379224534],[143.18129118599066,-34.71166274242854],[143.18099335623288,-34.70946826239598],[143.17563212673574,-34.71318842209421],[143.17320402653326,-34.71969596198934],[143.1711329468067,-34.72024678186698],[143.1653669678943,-34.71812258150235],[143.16367728840964,-34.715294651381],[143.16580835926516,-34.701976771422856],[143.16169598026838,-34.697902621146035],[143.15638402096872,-34.699322060832564],[143.15367973085458,-34.705329240707805],[143.14796126143733,-34.708784030383235],[143.14874824086073,-34.71388203046458],[143.14740578099304,-34.71474416038873],[143.13495452355232,-34.70777751958708],[143.1334700344252,-34.700563929449515],[143.12578800557236,-34.70111293898721],[143.12079619613186,-34.70356205870071],[143.1180302966144,-34.70297907852923],[143.11826994699717,-34.69825065851261],[143.12749885588497,-34.69460077904806],[143.12761473603297,-34.69273249904279],[143.1218862668412,-34.69367084870165],[143.1096023880418,-34.701682798010076],[143.10706605844967,-34.701537347855506],[143.10638288873108,-34.69956571780117],[143.1114284790436,-34.687198918025324],[143.11547365854284,-34.68574933826085],[143.12109494751502,-34.687472788612865],[143.1123486794605,-34.680889958039515],[143.1108073696707,-34.68122320794833],[143.1063103493785,-34.692399437749586],[143.097109130464,-34.69630870721832],[143.0928347606903,-34.701259756992286],[143.0762288137471,-34.695945105953236],[143.0718518650088,-34.689392975645646],[143.07076937615338,-34.67836693550765],[143.06698769664519,-34.67945893528643],[143.06486648609527,-34.68940336522381],[143.05863383640363,-34.696884624896796],[143.05482884682303,-34.69884140468004],[143.0509415673931,-34.69924049444814],[143.04695821820525,-34.69707153419359],[143.0438253091244,-34.692192423972564],[143.04334986969093,-34.68661954390722],[143.04042825021145,-34.685875093726196],[143.03774187039872,-34.68848960358146],[143.0375250901518,-34.691666833589316],[143.04439288840885,-34.699287444053475],[143.0394744388824,-34.702597573778746],[143.02943000139712,-34.69183800310269],[143.02977972173565,-34.687387303094454],[143.03250819170577,-34.682914993229396],[143.02680472269498,-34.68176578287827],[143.02420225299917,-34.68290898272909],[143.0217919324973,-34.69284854264937],[143.01545410331036,-34.69481985228087],[143.01018602423446,-34.69364464195617],[143.00804249482195,-34.6907678218083],[143.00801346525083,-34.68595376177487],[143.01688897469538,-34.6765838322472],[143.0172870148924,-34.67364706225183],[143.01330771573552,-34.67110725199565],[143.0011442577562,-34.669654041254546],[142.99900690803517,-34.67026253113008],[142.99648168809995,-34.673989661002814],[142.9945797184075,-34.673858540887665],[142.9893200502197,-34.66256627049734],[142.98607289021317,-34.6683830003406],[142.9752887616745,-34.67084832970942],[142.98151646011402,-34.67757057012748],[142.98243396951753,-34.68272716021649],[142.9773101593895,-34.693251089978126],[142.97271488993442,-34.69519370971515],[142.96780678099165,-34.69186500939882],[142.96297941316658,-34.67567066900278],[142.9581177143254,-34.67109299868119],[142.95926991468386,-34.66496879870997],[142.95720525499019,-34.66513884858733],[142.9524153353654,-34.66935603832805],[142.9488736958898,-34.66966157811789],[142.94524946673673,-34.66643760787961],[142.94373163736176,-34.66200425775955],[142.9352003087981,-34.660762327240676],[142.9326120796618,-34.65550188705117],[142.92227342118545,-34.65646960643918],[142.92119659153053,-34.65444170636145],[142.92471960140833,-34.649578696540104],[142.92385032169548,-34.647843276476706],[142.91829714231886,-34.65058875616277],[142.91017293354238,-34.65104810568032],[142.90153364454565,-34.65494474519002],[142.90042357403917,-34.662712415174845],[142.89327579489353,-34.66566555476766],[142.89433155458056,-34.66736585484183],[142.89937138366918,-34.66881657515218],[142.9001823833125,-34.671451095217925],[142.89640855374134,-34.6732662250046],[142.89136891465125,-34.671833424694434],[142.890782644563,-34.67388739467299],[142.89394626381343,-34.676826174881064],[142.89389320365055,-34.67878360489077],[142.88682199466345,-34.679794904475564],[142.88522629513926,-34.67719407436329],[142.88646337539424,-34.67207173440339],[142.87588775679868,-34.674846073791116],[142.87265765768962,-34.670402033569395],[142.87215794831704,-34.664105533498216],[142.86929790876627,-34.664059273327524],[142.86418919929673,-34.66709484304321],[142.86055760003188,-34.66514871281418],[142.86129028015844,-34.66238936283966],[142.8695746293265,-34.65714494329854],[142.87187299956787,-34.65027891339029],[142.864387211281,-34.64398844290302],[142.86347835185188,-34.63906141281648],[142.86002991232488,-34.639788482615955],[142.86046491187116,-34.644217782671],[142.8588140120651,-34.64493910257747],[142.85640076261106,-34.64298146242095],[142.85538810314492,-34.63866183233227],[142.8683482121076,-34.62744167303003],[142.8608111632417,-34.627872792584064],[142.8558329546419,-34.6206811822404],[142.85247310529462,-34.61918145203061],[142.8476292959672,-34.62010245174852],[142.84507606580806,-34.626491551638715],[142.84068594655608,-34.625738431372724],[142.8382464180405,-34.613031151144085],[142.83557596862207,-34.61111482097275],[142.82715670001792,-34.61010515046591],[142.82474442053135,-34.60850930031216],[142.8251777410379,-34.601902820294406],[142.8237836313779,-34.60048104020225],[142.82107696180805,-34.600368190040804],[142.8186131819715,-34.60289350991118],[142.82016240112063,-34.60992121004939],[142.81826504119766,-34.61242901995327],[142.8033501439795,-34.60707846903323],[142.8032056545374,-34.60090436898403],[142.80973345403748,-34.59497933933218],[142.81143341408344,-34.59140648940949],[142.81064472438925,-34.58929240934878],[142.8030785155993,-34.588885028897366],[142.79961328539224,-34.59748124874853],[142.7979256656427,-34.59761544864938],[142.79535143608686,-34.59710394849345],[142.78690269807115,-34.589343817941845],[142.78573419854175,-34.58600432785067],[142.78704961860686,-34.582893977908086],[142.8014976667107,-34.57889363873785],[142.80014786717473,-34.575956218638495],[142.79663988788573,-34.57403337841791],[142.79644206809812,-34.57193549839238],[142.8027175277488,-34.56472906871689],[142.810110186939,-34.5608417991297],[142.8054148182697,-34.55388764880541],[142.79417692023978,-34.551258278121935],[142.7914349010874,-34.54637560792732],[142.7893799613433,-34.54710002781035],[142.7884142512562,-34.549837127771184],[142.78883689058424,-34.55684569784239],[142.78751082059938,-34.559047097778354],[142.7828963311119,-34.561395767520565],[142.779462021163,-34.56696392735393],[142.77214720239078,-34.565889286913986],[142.77020711251396,-34.56794613681275],[142.77190219191792,-34.571798566938405],[142.78355922973824,-34.57608273765654],[142.78376422944842,-34.579063477688315],[142.76785207199336,-34.57819583674094],[142.75848846331053,-34.5797738161977],[142.7502492648939,-34.57624968568766],[142.748297515154,-34.576746525575636],[142.7453583049645,-34.5842271054513],[142.74690429441884,-34.58776642556588],[142.75010381381145,-34.58904598576329],[142.76037176227095,-34.588420386365925],[142.7634123716256,-34.59042318655888],[142.7635240210635,-34.59672383660694],[142.75917981144448,-34.60012279637248],[142.75308073218346,-34.60253683602793],[142.74319851369648,-34.60279808544595],[142.73067414597375,-34.59896173468156],[142.72362252764623,-34.59227219422166],[142.7197745181041,-34.59389536400549],[142.71783658798316,-34.59879144392346],[142.71482799830946,-34.600429863756936],[142.7043011101928,-34.59755687311796],[142.69998735070735,-34.5993662928759],[142.69955182045,-34.60314131287508],[142.70397271887126,-34.61349378320343],[142.70055045920978,-34.61574162301673],[142.6904944407755,-34.61571912242482],[142.68951038070773,-34.61828445238379],[142.69240566014372,-34.6196058025628],[142.70744135787146,-34.618837133442824],[142.70879573733222,-34.622650133547666],[142.70079487841713,-34.62450223308871],[142.69905664810602,-34.63125272303077],[142.69496250834285,-34.635899082820345],[142.69737867753003,-34.64096875299584],[142.68921303780513,-34.65253315259137],[142.69544191619522,-34.6599574130066],[142.70150682530596,-34.659313843359364],[142.70861426395385,-34.66215384379658],[142.71090386310195,-34.66789231396915],[142.7107600724456,-34.67575673401232],[142.70819833255692,-34.679092703883306],[142.70592544287658,-34.67949421375208],[142.6884176463037,-34.67139774266846],[142.68415064701418,-34.67087071241406],[142.68054590740397,-34.672868042215235],[142.6789060769734,-34.68083419217113],[142.68222898559844,-34.69077865243174],[142.691079353304,-34.70137675302183],[142.69050364310382,-34.70473887301003],[142.6853712634912,-34.70953463273959],[142.68447987324203,-34.71403720271672],[142.68881953226636,-34.71749355299462],[142.69771844060276,-34.720669893539096],[142.699412160011,-34.724460263663666],[142.6909398711403,-34.726706073179784],[142.6818415529852,-34.72179180261244],[142.6786528434366,-34.72233170242851],[142.67594716347506,-34.726787072298706],[142.6765603831856,-34.72903276234947],[142.68666338118612,-34.733915472975504],[142.6846635712721,-34.73653971287508],[142.67896093193465,-34.73918837255717],[142.66741889402226,-34.735894931857345],[142.66424451500177,-34.73028367163414],[142.6637438656829,-34.72328465155884],[142.6614187461831,-34.72169340141189],[142.6521815669584,-34.72944707092058],[142.64257073827042,-34.73165088037132],[142.63734040879706,-34.73503040008686],[142.63207262973046,-34.73374861976977],[142.6234970116069,-34.72750651922657],[142.6183225823096,-34.728738538931715],[142.6163044019405,-34.73670897886583],[142.61949298077266,-34.74450200910353],[142.62050418953075,-34.757114289245344],[142.6263416183151,-34.760632239610196],[142.63959095651288,-34.757489910365955],[142.6429493158642,-34.75892336057224],[142.64637067495192,-34.76330243080156],[142.6444710742185,-34.77526956076854],[142.6393290245938,-34.78025832049972],[142.63143717547436,-34.78438210006422],[142.61682757766715,-34.785485899215914],[142.60653366968182,-34.780800148582976],[142.59488542222195,-34.77245608784736],[142.58579862382015,-34.77040719730312],[142.57650757518002,-34.77151028676793],[142.5671826870334,-34.76691516619382],[142.5631608274711,-34.76915570597396],[142.56080074740262,-34.774270775869844],[142.55675107794346,-34.77536034564093],[142.55033301950462,-34.768859255224434],[142.55014603006526,-34.762647475172884],[142.53879979182273,-34.76286293451363],[142.53356609347978,-34.75305398414486],[142.5285502037354,-34.75925198389365],[142.52422146440304,-34.759367573642685],[142.50811692776512,-34.74949828264226],[142.50803766804452,-34.74636624261716],[142.51273807759142,-34.74305606286851],[142.51169460792386,-34.74107080279489],[142.5013041295787,-34.74072362218926],[142.49956537998858,-34.73910398207772],[142.50129814019903,-34.73345168214129],[142.51305143924276,-34.723108252756084],[142.51300615956026,-34.7194653027296],[142.50990165054105,-34.71364724251116],[142.5189562300395,-34.70293266296703],[142.5175427603976,-34.701320032874314],[142.5123503312774,-34.70051125256733],[142.5045247721914,-34.70413060213657],[142.49975074302262,-34.703124801852866],[142.49960137338957,-34.699087141817735],[142.5100113619713,-34.69665153240617],[142.51367532177795,-34.69220377258986],[142.50719864365107,-34.68207559214731],[142.49937200489168,-34.681849971691456],[142.49743456583755,-34.674281671529414],[142.50410761536972,-34.66754122187253],[142.5138332239285,-34.66665285243152],[142.5158622238659,-34.663670132529845],[142.51054827519908,-34.65773958218226],[142.50567877602663,-34.6569351418942],[142.50348205622092,-34.65867823177811],[142.5019970760434,-34.66348991172345],[142.49959448630355,-34.66483706159283],[142.48992826800438,-34.662561651017135],[142.4869590983939,-34.66342745085063],[142.48756613800765,-34.66685996090831],[142.4957416367004,-34.667237801385006],[142.49615585645762,-34.66933363142277],[142.49312395668798,-34.67218856126559],[142.4802763085707,-34.67362116053006],[142.47559243938775,-34.672604940251986],[142.47131807063747,-34.665736189959354],[142.47166055176768,-34.6517829798877],[142.4760815118525,-34.64265856008395],[142.48383885100628,-34.6383851005055],[142.48365113120215,-34.636421710481734],[142.48025642181815,-34.635394460278235],[142.47108345284644,-34.640122109777806],[142.46714247363002,-34.63812274953648],[142.46529542424912,-34.634213599403886],[142.45646301544747,-34.6363121289065],[142.45233359633025,-34.63348498864909],[142.4536908563877,-34.630308378706765],[142.45996089550172,-34.629237119062495],[142.46399543509125,-34.62666401927911],[142.46304524553423,-34.62318136920126],[142.45836623660404,-34.619152728904055],[142.45916660672293,-34.61627576893147],[142.46826370559089,-34.612920519436045],[142.4618174969657,-34.608534539034096],[142.46131378721188,-34.60655232899193],[142.46298428717918,-34.60386779907098],[142.4692186764086,-34.60151159941645],[142.46920510681656,-34.59671924938421],[142.47127076683867,-34.5926637794772],[142.46744502771534,-34.58933749923383],[142.46000506886526,-34.589422228803734],[142.458369759277,-34.5875617586969],[142.45869848937608,-34.58578599870426],[142.46625353844016,-34.58296331912299],[142.47271130796793,-34.57668191945568],[142.46797443975348,-34.564282069099924],[142.45479402236796,-34.55757792829311],[142.44885412313084,-34.55947000796201],[142.45161432157704,-34.57278234820906],[142.45875406973133,-34.581484238679224],[142.45637939987967,-34.58409596855899],[142.4516285906052,-34.58425175828522],[142.44492955238843,-34.575476587840264],[142.43475344391496,-34.576133157256564],[142.43018429473952,-34.57478011698381],[142.4286473751656,-34.5725619068805],[142.42935134556214,-34.566566366881766],[142.42606891642913,-34.5623352066645],[142.41197709804095,-34.56919415589649],[142.40769953880994,-34.56795863564175],[142.40664584950022,-34.561708435539956],[142.4106975095654,-34.55346062571939],[142.40667367066533,-34.547821725450355],[142.4055647213701,-34.541495435344885],[142.40331188167832,-34.541990245218294],[142.39983691180103,-34.546944485050595],[142.3902173831133,-34.54910580451076],[142.38659299401175,-34.54511633427591],[142.37671148589467,-34.540972023680126],[142.37581687626147,-34.53825890361084],[142.37818948640768,-34.53213200370706],[142.371544757207,-34.53489846334309],[142.36770162817848,-34.530432943092826],[142.36841487834957,-34.527075103111756],[142.37019514813468,-34.52634280320928],[142.38380495623485,-34.52381342397549],[142.3982520139901,-34.52384725480753],[142.39995257385831,-34.52227686489519],[142.39364096535112,-34.51616798449149],[142.38069905708196,-34.51946636376821],[142.37721060771833,-34.51833355356008],[142.37494881832637,-34.51527074340988],[142.376063048416,-34.51214286345341],[142.38472482764521,-34.505322863906905],[142.38673457785796,-34.49907840398153],[142.39468759709612,-34.49347106440254],[142.39107806777957,-34.491994624185],[142.37773357989914,-34.49138306341302],[142.3723921703662,-34.49568573313413],[142.3697284400981,-34.50380579303436],[142.35958227209395,-34.49876597241817],[142.3597851726953,-34.491214532380184],[142.3642740525454,-34.48470138259527],[142.37248153161391,-34.480642603040344],[142.3747047315755,-34.47699327314419],[142.37821851106952,-34.47653594334327],[142.38300412009397,-34.47932771363696],[142.38416951001835,-34.4780777836958],[142.37927375173174,-34.46669102333922],[142.37234173238667,-34.47168350297339],[142.36440743381402,-34.46931435250174],[142.35634636481387,-34.47228330205818],[142.35334101550666,-34.469568731867746],[142.35406778584039,-34.464237141874406],[142.36070513520843,-34.45951018222452],[142.3651427955366,-34.447388812399744],[142.3608293067817,-34.44048682210647],[142.36794310610705,-34.43540149248179],[142.35990385764174,-34.43192020199694],[142.3638986373821,-34.42764088219827],[142.3645455576963,-34.42269093220285],[142.3610687782788,-34.42215277199954],[142.35453656913012,-34.42404795163685],[142.35184345969478,-34.422274521470555],[142.35264264983925,-34.41906817149533],[142.36070097920535,-34.41175488190996],[142.35956963953015,-34.409961531833154],[142.35257891078038,-34.4079271914183],[142.3524197810914,-34.40449937138659],[142.35648318080524,-34.400412991593],[142.3517308416447,-34.39915134131182],[142.35097559197314,-34.39661603125177],[142.3639034408921,-34.385666691922076],[142.3679714002778,-34.385503562154774],[142.37393403913705,-34.3881374525149],[142.37065861004928,-34.38327631229456],[142.37033272082334,-34.37462114221877],[142.3680635115065,-34.37063736206208],[142.37725479037294,-34.367237932568116],[142.37827605042455,-34.364737442610355],[142.37485331114502,-34.362434202398326],[142.36615774226553,-34.36507333191588],[142.3635372229143,-34.36214568174601],[142.37132360207377,-34.35783526216507],[142.37993138053335,-34.36038452267688],[142.38383879967557,-34.36343530292178],[142.3897580588171,-34.362786073258164],[142.3915060987725,-34.36009885334107],[142.38632765997752,-34.35524049301097],[142.38446483096223,-34.346901232848765],[142.38830896069274,-34.34304113304453],[142.39700651929004,-34.34378838355022],[142.3965723098635,-34.33773628348528],[142.3922120307891,-34.334701693214186],[142.38570909185052,-34.33398793283518],[142.37962743304675,-34.330883652464806],[142.37324093397825,-34.331507902101656],[142.3677542552086,-34.32689472175584],[142.3618864560134,-34.328079271426496],[142.34716504752006,-34.33720297064146],[142.33093135984146,-34.339364369724684],[142.32161646148026,-34.33692280917486],[142.3162636228722,-34.33010734882336],[142.30165967521071,-34.32904215798063],[142.29439287679585,-34.323437017528164],[142.28848590745048,-34.32651242721084],[142.2838799781566,-34.32655413694796],[142.27999944931585,-34.31978740668172],[142.28402998944514,-34.31074629685228],[142.2882632691512,-34.30643371706569],[142.2968271877529,-34.30739719756152],[142.2988933875766,-34.3056899876684],[142.29151912902282,-34.30194131722211],[142.28613892030037,-34.29652305687893],[142.2774587110878,-34.303136986426836],[142.27367905159747,-34.30400776621681],[142.27080490223997,-34.30159360603685],[142.2693419129211,-34.29608976591706],[142.2673389432972,-34.29527061579738],[142.2530637245958,-34.30612627505499],[142.23855135669135,-34.307806604239424],[142.2359004371695,-34.306960324082944],[142.23225389806396,-34.302931173848826],[142.23213356851528,-34.29769273380745],[142.23424378840105,-34.29514431391073],[142.24369576721358,-34.291911634427535],[142.24820530689996,-34.28731236465406],[142.24850582720455,-34.283069924643186],[142.24473424829424,-34.276905704387666],[142.24957152837626,-34.26691491459731],[142.24322654001585,-34.25887528418282],[142.23242617190985,-34.256039413549274],[142.2347771320944,-34.24942645363941],[142.24147557117288,-34.248123364012116],[142.24358641104413,-34.24575575411669],[142.24497488148225,-34.23786807414369],[142.24403689207406,-34.23244397405445],[142.24143974280412,-34.22842973388005],[142.23534042412774,-34.22373445350181],[142.24045530381238,-34.21804185375537],[142.2437865534281,-34.21650433393491],[142.2441863037774,-34.21152822392479],[142.24339965409243,-34.209172533864425],[142.2366437555736,-34.203777243444144],[142.233727235645,-34.2083369033083],[142.2294746463216,-34.208041653064384],[142.22691919779058,-34.19497017283265],[142.22796855808434,-34.18945080285585],[142.21910894013374,-34.181050752296535],[142.20634672187037,-34.18371475158904],[142.19858700307876,-34.183482741146946],[142.1902766745961,-34.18051610065581],[142.18390639596865,-34.175688460262634],[142.18137857629728,-34.17640377012406],[142.17831517616563,-34.183729549998844],[142.16615456809689,-34.18291005930454],[142.1634105490525,-34.17638292910604],[142.1665357389834,-34.17138253924993],[142.1614878096758,-34.17237150897069],[142.15926497011526,-34.171164928836916],[142.16663590046448,-34.1531210591349],[142.14871073356724,-34.14874313809164],[142.14354372416352,-34.15112427781524],[142.14034521406575,-34.15830897768193],[142.13800786427575,-34.16011885756182],[142.1327128850483,-34.1605895572658],[142.12484387656454,-34.15678448679631],[142.12011918728058,-34.156877586530264],[142.11845632715898,-34.161486156466886],[142.1215934257883,-34.17238328671592],[142.11961979588557,-34.17489512662113],[142.11235834698647,-34.175043376212464],[142.10541786784887,-34.17751202583743],[142.09306627019976,-34.17190203510443],[142.08277731164404,-34.17353194453596],[142.07754563376483,-34.157332844134594],[142.07464819438076,-34.15521885395766],[142.06760769559247,-34.15358113355097],[142.06535247618058,-34.150597233404504],[142.06660872646947,-34.144678133435995],[142.07388000555085,-34.14228319382899],[142.07718380533674,-34.13869788399112],[142.0777492355004,-34.135622544002594],[142.07564482616553,-34.13140528385635],[142.0626050586124,-34.125852373086595],[142.04933512066842,-34.125539062339264],[142.03702047220884,-34.129782341676346],[142.0295863136431,-34.12612531123536],[142.02885882433557,-34.1189539111472],[142.03420469414314,-34.111237201395895],[142.04214867335386,-34.10598673180674],[142.0419817836064,-34.10318696177885],[142.03777761452335,-34.099803791520664],[142.0350525749006,-34.100289991371056],[142.02661849567346,-34.10666900094044],[142.02179194641545,-34.106621050669695],[142.01675369736645,-34.104391040372775],[142.01331830781277,-34.10536789018689],[142.0161019464928,-34.116417340415765],[142.02492133468667,-34.12205662094704],[142.0222522948391,-34.12521751081838],[142.0128981762605,-34.125343790295375],[141.9984784290179,-34.118536229443585],[141.993013109632,-34.121286019156166],[141.9849029015482,-34.11292825864775],[141.97765740267604,-34.1126885482415],[141.9726639432528,-34.11500982797808],[141.96974869330563,-34.11988475784758],[141.969034692943,-34.12573426784637],[141.97233985184158,-34.13311216807955],[141.9704435218913,-34.13609420799341],[141.9670914123341,-34.136968397812126],[141.96238417313427,-34.135986337543066],[141.95400904497941,-34.12900839703004],[141.94805819657486,-34.120514106642325],[141.9450103671259,-34.11946440646561],[141.93976046770555,-34.12224627619163],[141.938111667488,-34.128084756138385],[141.93877368683013,-34.134996806220876],[141.93751645685856,-34.13703554616434],[141.9340591872909,-34.138243315979864],[141.92853503824406,-34.136914415663725],[141.92563562887506,-34.134591445487104],[141.92979042894788,-34.12577622566003],[141.92259818095098,-34.11455742518593],[141.91332733229197,-34.11552861467699],[141.90817546317373,-34.11436741438312],[141.9035113241469,-34.11113716410276],[141.88475084671092,-34.114971423087106],[141.8887962753354,-34.12440252337372],[141.8808794360509,-34.13060116297564],[141.8766334861561,-34.137404412785195],[141.8725052472653,-34.13145462251721],[141.86776980821625,-34.12863837223634],[141.8632427389483,-34.128156261982504],[141.85326411023172,-34.131220171450515],[141.8515049406063,-34.12990649134454],[141.8526776107605,-34.12573201138186],[141.8507004211784,-34.12429376126301],[141.8440951215903,-34.13179765094729],[141.8413902419535,-34.13243850080201],[141.8254017047841,-34.12766808988741],[141.8152986768393,-34.121305409287956],[141.8065595782617,-34.12025385879914],[141.80132076944213,-34.11550833847912],[141.79072406109256,-34.115162207893185],[141.78645219202443,-34.11167241763501],[141.78409385233988,-34.11224664750901],[141.78044741255218,-34.11659878733709],[141.7768933330754,-34.11686483714333],[141.7746862736539,-34.11383953700202],[141.77929360370783,-34.104286367192394],[141.77790439412124,-34.10176135709933],[141.7710143949425,-34.10469978673985],[141.76273685568296,-34.11133491632871],[141.75695373650925,-34.112083096015986],[141.75331423722878,-34.110040185802674],[141.75262995763592,-34.10622951573997],[141.75401953760053,-34.103993415801526],[141.76144763673608,-34.10055669618678],[141.76184326691626,-34.09752398618851],[141.75825915752463,-34.09677053598668],[141.75261771794183,-34.102396685714034],[141.74634939882273,-34.103390835376565],[141.73146555208731,-34.09094445447825],[141.7273077426803,-34.09149220425402],[141.7254756127614,-34.09401020417024],[141.72987834117257,-34.10556402448768],[141.72354210158156,-34.112654044187266],[141.7190179120983,-34.11488113395418],[141.71528518269628,-34.114551193747644],[141.71278308325967,-34.11227502359568],[141.71058702467704,-34.09860654338537],[141.70829153520782,-34.09633814324482],[141.70491459577747,-34.095672233055694],[141.69473645711525,-34.0984630925176],[141.68857742775512,-34.102303792206364],[141.67745631954446,-34.10121139159189],[141.65467877181507,-34.11667551045159],[141.63265944481265,-34.121471629284386],[141.63006358456488,-34.129682929197266],[141.63212590342715,-34.140124909378194],[141.62798919364656,-34.145403949187966],[141.62131664468902,-34.14516733882365],[141.6182456452916,-34.143496378645764],[141.61534978608634,-34.13903773845907],[141.61182460662928,-34.1390102582674],[141.6209670644199,-34.14927252883167],[141.62102521401954,-34.1542504388676],[141.61854491424117,-34.15627408874612],[141.6125493251231,-34.15676410842361],[141.60826493624822,-34.15081514815179],[141.60458621694747,-34.1491017679408],[141.59530767792495,-34.154792787474776],[141.58732844946815,-34.1507367470154],[141.5839089798977,-34.151952546838054],[141.58438840955273,-34.15541338688681],[141.587820408858,-34.157552427086905],[141.5913463483144,-34.15758057727825],[141.59634234772616,-34.155301757534254],[141.5993419172052,-34.156071757702065],[141.6029657061643,-34.1622407279393],[141.60256737571174,-34.1687811079607],[141.5931666468435,-34.17275898747683],[141.5893901070641,-34.177340527302185],[141.59284024617483,-34.18191428751934],[141.60127206487724,-34.181936427976936],[141.60495407415542,-34.18392044818983],[141.60594890368387,-34.187973858270496],[141.60329152383753,-34.19121555814757],[141.59583967493924,-34.19177496774687],[141.58974966625993,-34.1868802873844],[141.5882513863757,-34.188339447312764],[141.5881200857961,-34.19597867735586],[141.58392851621898,-34.1988034271472],[141.5731209681007,-34.1960045465433],[141.56720813936354,-34.19149576619355],[141.56047538044655,-34.19088639582521],[141.5582465907079,-34.191924635711466],[141.55650204055675,-34.1972804556523],[141.547744491626,-34.20082803520213],[141.54447330217963,-34.20018422502112],[141.53805433375322,-34.19269114462513],[141.53355317454478,-34.19142116437372],[141.530811664644,-34.195545414252834],[141.53643878304536,-34.204918274618215],[141.53386995298968,-34.210683344517385],[141.5310691332872,-34.212390974377406],[141.51963270497956,-34.21326050376606],[141.5100772562002,-34.216465993271974],[141.50608816702075,-34.21382198303965],[141.50615511727094,-34.21048484302134],[141.50851978707178,-34.208373763134894],[141.51720500585907,-34.20678636359262],[141.51858304593136,-34.203146063643025],[141.51463459692567,-34.1981934033976],[141.5076639383125,-34.19416410299544],[141.50667660874203,-34.19060590291888],[141.51071700849914,-34.185755333104716],[141.5173251376316,-34.18385190344842],[141.51875026764318,-34.18089689350585],[141.51085263910738,-34.177692323059034],[141.5047248407162,-34.16914107267268],[141.50049731217345,-34.158777992376876],[141.4949727933477,-34.15459766205197],[141.48738077449391,-34.154853371645125],[141.48575579456684,-34.15712341157264],[141.48608354419164,-34.161297641617715],[141.48280851453026,-34.16341177145547],[141.47119831664247,-34.15919095080369],[141.46895908659397,-34.16424073071657],[141.46398801723447,-34.165828790460026],[141.45064967966002,-34.160990509712384],[141.44856362986727,-34.16245008961009],[141.44882904943807,-34.16745428965722],[141.44454630005384,-34.16800193943114],[141.4328085424841,-34.159927248749064],[141.43209705301538,-34.15448267867518],[141.43475252312965,-34.14774565877316],[141.43390769340314,-34.14589086871571],[141.4301746840013,-34.14557029851366],[141.41716238559783,-34.15076454785129],[141.41192981646452,-34.14995249756606],[141.40741076743447,-34.14638735730101],[141.40607675798285,-34.14194579720052],[141.41032461808615,-34.132173707363386],[141.40825403873887,-34.127842677224216],[141.40337079953872,-34.12719141695893],[141.39237467067585,-34.1343246864184],[141.38812499129807,-34.134716986194114],[141.38552013191457,-34.131911336036644],[141.38455597259892,-34.12496089593952],[141.3815935532721,-34.122129195762845],[141.3697001952469,-34.12019026511589],[141.37177689444974,-34.12639766526739],[141.36876522485784,-34.12710130511147],[141.3644015659901,-34.12109884483951],[141.3626640568856,-34.112933184693276],[141.3589858676211,-34.110710234482745],[141.34851151910607,-34.1122977739356],[141.34641417850216,-34.1243341939031],[141.34144083898093,-34.12803671366289],[141.3329488800848,-34.130639413228515],[141.33142993990813,-34.13597343318281],[141.3281320302172,-34.13854358302446],[141.32494416068963,-34.1387685728566],[141.32321501104772,-34.137564692756854],[141.32312207140137,-34.13314589272291],[141.32615665119158,-34.12981002286217],[141.3259282714538,-34.1268525828306],[141.32262616206748,-34.125463492646105],[141.31677689282873,-34.127246412347276],[141.31353630351043,-34.124847102159535],[141.31842709341598,-34.11629371236292],[141.31745816386345,-34.11240024228591],[141.313768814487,-34.11165227208519],[141.30079747632033,-34.11370511141068],[141.29795986691974,-34.11156570124622],[141.29855071718296,-34.10694678124719],[141.2837083996965,-34.10386163044071],[141.27985461065546,-34.099054430205136],[141.27536343141404,-34.09814466996151],[141.26869885289693,-34.09211682956943],[141.26301751459712,-34.08126143919775],[141.259572025365,-34.078121198995035],[141.25536486605608,-34.07751674876881],[141.25209573645284,-34.078885358605156],[141.2474509964648,-34.088066978420244],[141.2425493172729,-34.08732820815668],[141.2416777478175,-34.081936508075295],[141.24722350763355,-34.07319526831051],[141.2447294483392,-34.068952478151004],[141.244270188806,-34.063749518092585],[141.24181414936882,-34.06130124794688],[141.23753024982602,-34.06391606773808],[141.2361943795168,-34.07066475771197],[141.22847520047367,-34.07363756732452],[141.22224194178713,-34.06893216696513],[141.22212568235784,-34.06166338691125],[141.21967633273553,-34.06163149678202],[141.2157630630501,-34.06538127660059],[141.21091945411044,-34.0611959263181],[141.2059143048384,-34.061709496058086],[141.20192458516433,-34.065467985872914],[141.19983800497914,-34.072118105806844],[141.19310157585156,-34.074230475466564],[141.19241716564562,-34.07832614545749],[141.187455546334,-34.079280625203054],[141.1929594151887,-34.08324957551833],[141.19444347463119,-34.08759431562488],[141.19191471476475,-34.09094419551395],[141.1862365255586,-34.09196316522229],[141.18148639636212,-34.09097821496632],[141.17861949698639,-34.08854734479984],[141.17488648811045,-34.08127452455614],[141.17467520874575,-34.073320084492806],[141.17117671920047,-34.07439827431631],[141.16904314905526,-34.080633274245315],[141.16586167934884,-34.083198814095276],[141.15888416031538,-34.08456956373843],[141.1536770313007,-34.082104853449366],[141.15318727237485,-34.06890188333701],[141.15118067275733,-34.06791224322539],[141.1461444334015,-34.069604732972735],[141.14385472389006,-34.06778556284092],[141.1448492138495,-34.06630534288327],[141.15344973269214,-34.06417566331973],[141.1511118833934,-34.059641983167474],[141.1531181934742,-34.05450776323886],[141.14499487457707,-34.05638443282574],[141.14298060434646,-34.06352066276715],[141.13764592530816,-34.061614762475415],[141.13731426566625,-34.05754764243135],[141.1282426266133,-34.06341976199541],[141.12034472771595,-34.064852791591974],[141.10692407006078,-34.06104112086603],[141.10106068170165,-34.05118851049536],[141.0942448427872,-34.05064373013627],[141.08759689347724,-34.05501342981837],[141.08726330336688,-34.057159999815084],[141.09225499252716,-34.0581506900818],[141.09556745183102,-34.060653220270964],[141.09759396081475,-34.070021930438145],[141.0949227108657,-34.07478558033009],[141.08922427159692,-34.07668325004542],[141.08532094232177,-34.07500831983101],[141.0828023830174,-34.0708975896728],[141.08604723296295,-34.06500667980322],[141.08491737334174,-34.06227489972642],[141.0816328439306,-34.06114069954785],[141.07666142450478,-34.063641869305336],[141.0719576852821,-34.062896169055556],[141.06851957606384,-34.059507308854386],[141.06560759722058,-34.05004885864078],[141.06172176744704,-34.054965708470924],[141.0529576385981,-34.05753086803208],[141.04902654893212,-34.06111267785133],[141.04247059993926,-34.06108807751062],[141.03945297112844,-34.05139451729032],[141.04344646116868,-34.04269019744056],[141.04137564172586,-34.03948917731199],[141.03434319308545,-34.035721376922226],[141.03108446316804,-34.04128688678967],[141.03227835255834,-34.046986456889016],[141.023677083566,-34.051136946470116],[141.0235694634219,-34.053283336478636],[141.02746097251136,-34.057476056707955],[141.026941492468,-34.05911952669179],[141.0234741829525,-34.05974949651612],[141.01843425400534,-34.056007786230296],[141.01702338487664,-34.04725107609972],[141.00990479612074,-34.0452046157175],[141.00194138778448,-34.039270645266264],[141.00378256837462,-34.02759112528491],[141.01237207727337,-34.02472245571088],[141.00582957835144,-34.02370387536537],[141.00296253892674,-34.021878545204956]]],[[[145.16088167934586,-38.471857705058824],[145.15603783980274,-38.47546890474577],[145.15574587940728,-38.47946588474996],[145.15237268962287,-38.48289883453762],[145.15222183900192,-38.48868584456249],[145.14828990929774,-38.4922918743126],[145.14896165848936,-38.49844590439656],[145.14713395828406,-38.503184844299085],[145.14388997857802,-38.505716814090285],[145.13889393945828,-38.50579782374551],[145.13347088013109,-38.50841285338678],[145.12738976153636,-38.50552781294921],[145.12531075146097,-38.50951184282995],[145.12112179204414,-38.51096687254962],[145.1210526617594,-38.51362385256104],[145.1162697020659,-38.51850086226066],[145.11973074133965,-38.51948284250551],[145.1284236901155,-38.516584853087984],[145.13022080961085,-38.51823481322216],[145.13226666947116,-38.51622682335121],[145.13290887912305,-38.51831582340831],[145.14206297787487,-38.51490283402],[145.14539370711137,-38.51642483425948],[145.14931771663998,-38.514394884518396],[145.15002581692687,-38.51070785454488],[145.1537987063944,-38.50946504479821],[145.16363275453352,-38.51044883548454],[145.16578592377905,-38.51375985565372],[145.1687328633256,-38.51312489585382],[145.16754595380587,-38.51072585575704],[145.17066568338106,-38.5095618859659],[145.17254382298293,-38.510130876099396],[145.17447489216931,-38.514319826258635],[145.18398785063033,-38.51294281690915],[145.18706081976538,-38.51577485713934],[145.1921378989853,-38.514672907484496],[145.19458879843728,-38.51566784766046],[145.19486597806164,-38.51857286769739],[145.19799869750636,-38.51855081791446],[145.20094673720163,-38.51659186810695],[145.20357797665412,-38.51729585829374],[145.20827888540774,-38.52093887864207],[145.20921485477146,-38.52511587873248],[145.21672374351877,-38.524365909249035],[145.22120897209297,-38.5299398695944],[145.22277391229267,-38.525688899677164],[145.2272558917069,-38.52380285997693],[145.2302759415065,-38.52080686016847],[145.22880893186627,-38.51993088006122],[145.22978884190815,-38.51800884011758],[145.23257095155557,-38.516741820303146],[145.23202589177023,-38.5156968302589],[145.23355374143074,-38.51629686036872],[145.2330018319288,-38.51274484030871],[145.23530370159082,-38.51210790046477],[145.23542682186175,-38.50950689045747],[145.24004994134222,-38.50681483076237],[145.2460277301787,-38.507702851183396],[145.2471829602884,-38.50490385124665],[145.25458098910147,-38.503757891754255],[145.263311677057,-38.50811784238841],[145.26700383642645,-38.507884832644024],[145.27113881603285,-38.50485283291344],[145.27437990502213,-38.50870185316265],[145.2851187129957,-38.50973082391717],[145.2965918605182,-38.51359587474065],[145.29856395994543,-38.515559854890164],[145.30804493791325,-38.51861491557032],[145.3135046863884,-38.52350784598127],[145.31636091580498,-38.52417186618473],[145.3353307606331,-38.540026907606745],[145.344014698028,-38.54936683827086],[145.34656166685204,-38.55573486848783],[145.34570161681614,-38.55740184843783],[145.34196481735876,-38.558486888183104],[145.3448549264071,-38.562336908408696],[145.35048387530244,-38.56323285880792],[145.35156782465492,-38.567235878908164],[145.36093284311988,-38.56605786955644],[145.35846865425225,-38.55995290934673],[145.3618318038784,-38.557968859570074],[145.36116363418628,-38.55630583951315],[145.36435683394868,-38.55338982971895],[145.36350470433706,-38.55130587964659],[145.35592562583628,-38.54998891910799],[145.3537328566427,-38.546322848932185],[145.344009619065,-38.54022984821481],[145.3409426002067,-38.534974627968275],[145.34375734081164,-38.525217568105596],[145.34698824070898,-38.52105149830617],[145.35004618037897,-38.51916343850857],[145.3618677985317,-38.516910839322186],[145.36373991836484,-38.51544623944432],[145.362887678843,-38.51256690936708],[145.36022978938414,-38.511962829177314],[145.36291180889498,-38.512070839365734],[145.35933483962378,-38.511252909110326],[145.3575737202563,-38.508435918969866],[145.35219566114378,-38.509042868597206],[145.3499899717732,-38.50694982843011],[145.3498179815451,-38.509232398432],[145.34730503187222,-38.51028942826266],[145.3440530225989,-38.50897946802719],[145.34018910319662,-38.509768527761814],[145.33281810507256,-38.50477657721607],[145.32795623569416,-38.50692265688941],[145.3228192965813,-38.50715573653196],[145.32018739679788,-38.50937876636169],[145.31738941740767,-38.50838679616025],[145.31607643747665,-38.50984182607744],[145.29782359104559,-38.50698801478624],[145.297253431965,-38.49974598470228],[145.2998923418525,-38.49658792486708],[145.30514235086773,-38.49704287523614],[145.3071082408639,-38.49398384535464],[145.30403516186314,-38.48997385511573],[145.30557908210258,-38.48542481519569],[145.3035700824965,-38.485097835053516],[145.2995251527904,-38.4888608947943],[145.29315119396068,-38.488529974347756],[145.29097820456988,-38.486553984184184],[145.29074701529674,-38.48047697413096],[145.29707188467353,-38.47604191454492],[145.30208081481732,-38.4668848548384],[145.31011150352808,-38.46567286539138],[145.31041759404525,-38.46061115538183],[145.29631574694105,-38.4571348243767],[145.29217792756128,-38.45814886409437],[145.2901525080823,-38.45671796394442],[145.28721965825366,-38.45981584375888],[145.28082894922193,-38.46129282332253],[145.28648257847178,-38.45904204370278],[145.28675778864414,-38.457079843709984],[145.28483755912265,-38.45585904356869],[145.28088358967582,-38.45717911330122],[145.28112057944972,-38.45881210332771],[145.27880764968134,-38.46040114317628],[145.27784663994134,-38.459608143104475],[145.27617870004147,-38.4613481729989],[145.27434366058844,-38.459385192859095],[145.27325571068138,-38.46027521278876],[145.27495263060788,-38.458253202894596],[145.27876359999496,-38.45768713315662],[145.27913476030403,-38.45435985316215],[145.28703569892173,-38.45417985371165],[145.29433397787818,-38.4519448842068],[145.3025016562145,-38.45384189478808],[145.29860287717736,-38.451440894501445],[145.28992072887124,-38.45008486388773],[145.27434173151028,-38.451204902808996],[145.2486500763378,-38.4488337410064],[145.24341860748746,-38.44686880063065],[145.24033972795993,-38.44752786042064],[145.2399773482199,-38.44578695038482],[145.2397921881117,-38.44704235037961],[145.22907965969873,-38.449843839652345],[145.21454069239556,-38.44881584863655],[145.20657449370762,-38.44972902808936],[145.2000625647201,-38.45101212764553],[145.19381967521716,-38.45646722724599],[145.17408321776392,-38.46503150593091],[145.16819339866387,-38.466341575531146],[145.16543640926548,-38.46534461533425],[145.16544045900375,-38.46767563534876],[145.16088167934586,-38.471857705058824]]],[[[146.5677854673612,-38.74230693809626],[146.5517334293918,-38.74908996693542],[146.55152570921572,-38.750834976930534],[146.5418064503284,-38.755905936234065],[146.54806466910074,-38.75682799670806],[146.5461174293376,-38.75772996656782],[146.54204365999215,-38.758314966266525],[146.53867552079663,-38.7566409560043],[146.5233204430657,-38.76047397487942],[146.518830503912,-38.76009696454152],[146.51247038474554,-38.76255999408134],[146.50447155625508,-38.761873923479705],[146.50092160674714,-38.76302997322169],[146.49956763703042,-38.7626859931185],[146.49895673726112,-38.7616859030668],[146.50057455683176,-38.76284295319466],[146.50171755686563,-38.76089194326807],[146.49808372778378,-38.75867199298324],[146.50402264654426,-38.76015699343571],[146.50870442580577,-38.75936796378052],[146.52389141391888,-38.75264199487427],[146.52041668484546,-38.750119934599134],[146.5192625246873,-38.75310496453112],[146.51562150537634,-38.75277492425702],[146.51349063558283,-38.75419692410648],[146.50825047667578,-38.75289093370706],[146.51290564664683,-38.74631895401464],[146.52287945530372,-38.74276000473825],[146.52537065530652,-38.73909591490209],[146.5286844548871,-38.73769497514128],[146.53338966390666,-38.738863995500296],[146.54164950379342,-38.72773196605016],[146.53422953492472,-38.72928698550458],[146.52397671685821,-38.728398964732506],[146.52676166612056,-38.73038390495284],[146.52354758676208,-38.729814944709084],[146.5191663872153,-38.732497924398025],[146.52116260658858,-38.73472497456083],[146.51785059719674,-38.73457395431238],[146.51345643761707,-38.737547924002214],[146.5081824385967,-38.737216993606225],[146.5060314594234,-38.73357297342332],[146.51201139839281,-38.73329092386826],[146.51559051807286,-38.73068495411974],[146.5123155892993,-38.72540097384277],[146.50308160077566,-38.726777983161526],[146.5060314604452,-38.72517795337202],[146.50958860062215,-38.718520933597],[146.50578052118505,-38.719464933318356],[146.49500572193,-38.729108982572896],[146.48196654418388,-38.72966895160347],[146.48030944462946,-38.72843091147232],[146.4820734445387,-38.726592941592656],[146.47758639497508,-38.72957697127627],[146.47134869623454,-38.728353950803765],[146.47019850596735,-38.73223997074177],[146.4718804252788,-38.7354409208867],[146.4646105761283,-38.73910897036731],[146.47139657360756,-38.74990194093896],[146.49476452640863,-38.77482394283407],[146.52298457054346,-38.78164394498355],[146.52940370912012,-38.783923925477374],[146.5373597270325,-38.789396916105844],[146.54534555542696,-38.79087596671243],[146.55299340425893,-38.7892689272751],[146.56096562334292,-38.785128947846864],[146.58100755177387,-38.76874091924886],[146.59763953994468,-38.75947093043996],[146.61098043796753,-38.75620997142167],[146.62588152493595,-38.759288942560126],[146.6560074100511,-38.75537395480252],[146.66773836889314,-38.74779793563972],[146.6660733795543,-38.74482794549612],[146.6632484301076,-38.744417005280816],[146.66673034923386,-38.74648493555574],[146.66491344921172,-38.749297965436064],[146.6556106904123,-38.75300793475819],[146.65458650035143,-38.7549889346932],[146.62256268565844,-38.758217962304116],[146.61536846725446,-38.75565097174786],[146.62154857640851,-38.753571962199516],[146.60872539898182,-38.75120794122174],[146.60722742946166,-38.74946798109862],[146.60441762964209,-38.7520809409036],[146.60135437018855,-38.75207392067359],[146.5994935210536,-38.74771396050728],[146.60260143070158,-38.746068930730516],[146.6029355108733,-38.744179940744054],[146.5935315826944,-38.74298095003091],[146.58883071304544,-38.7469539897025],[146.58427671374673,-38.747850949366395],[146.5919706230286,-38.74252096991098],[146.58769059407683,-38.74018095957558],[146.5859035540679,-38.74285594945789],[146.58322660453413,-38.74294098925764],[146.58444771481814,-38.73883996932416],[146.5804106760076,-38.734988948997874],[146.57176455742163,-38.736012958355964],[146.57183368713902,-38.73822598837469],[146.56873048750117,-38.73978396815165],[146.5677854673612,-38.74230693809626]]],[[[146.8521123601479,-38.634330008903284],[146.85981959925914,-38.63048392946617],[146.86945464768127,-38.62945298019338],[146.87821559649987,-38.626471020842374],[146.87979169761988,-38.61517098089305],[146.86594644992041,-38.616373019845916],[146.8514125229826,-38.61240195871538],[146.8450253839057,-38.61407594823984],[146.84355333374575,-38.617478928148806],[146.82809062667204,-38.61593895696396],[146.82706245662686,-38.61777899689713],[146.8316283556492,-38.619152937252515],[146.82528048657846,-38.62072595677985],[146.824480557757,-38.61232401666747],[146.81912662859835,-38.61318296626609],[146.81606664879894,-38.615945966050674],[146.81041750975749,-38.61627996562383],[146.80855451979937,-38.618614015496746],[146.8031815305357,-38.620354975099666],[146.80098262936852,-38.63297802501031],[146.79823154979778,-38.63344799480447],[146.79554844064924,-38.63039599458223],[146.79106357113744,-38.632879014257306],[146.79478233948802,-38.64091493458866],[146.7943046589907,-38.645634004581375],[146.80915858597504,-38.64874394572753],[146.80842457626693,-38.64743299566377],[146.81325863536205,-38.64782495603315],[146.81130168555185,-38.64909592589237],[146.8198833838428,-38.65062197655338],[146.82294551334186,-38.650285016783904],[146.82325368339252,-38.649432976802075],[146.82098133367867,-38.650375996635255],[146.81985458410384,-38.64854999653847],[146.8147764149604,-38.64890001615498],[146.8521123601479,-38.634330008903284]]],[[[146.62698564909505,-38.72374795242582],[146.63302968837675,-38.72083601286243],[146.6332485780806,-38.722934982891715],[146.63894052743493,-38.7199429433015],[146.65304642506206,-38.718835944356165],[146.6598605043188,-38.71501794484583],[146.67290870200074,-38.715003995828674],[146.67761640199163,-38.70826193614222],[146.67450853238384,-38.709566925915965],[146.6759597024534,-38.706898966009],[146.66866860382984,-38.70624197545556],[146.6668855439119,-38.70815600533296],[146.66285138459557,-38.70842797503075],[146.6623066948094,-38.7074739849839],[146.67283669347995,-38.703056955750135],[146.66428455518593,-38.701538925096536],[146.65645957649562,-38.702198004511295],[146.64827354751083,-38.70578494391707],[146.64834051768824,-38.70424001391265],[146.65329050719822,-38.70106093426577],[146.64295060921168,-38.699624983478834],[146.64072866960666,-38.69962398331166],[146.6383026197654,-38.7018479831428],[146.63730361938156,-38.7064309630957],[146.63029835070827,-38.70576595256485],[146.6273866813056,-38.705114992341976],[146.6276584914654,-38.703414962352],[146.63583843022576,-38.70166492295635],[146.63672652043942,-38.69863192300457],[146.6285235814861,-38.701990002408316],[146.61451849406993,-38.70121798135114],[146.61494547425607,-38.69907597137011],[146.61844071382703,-38.69750494162307],[146.60172265637883,-38.700937000388535],[146.5883054776366,-38.71016496943817],[146.5890135772576,-38.71223596950395],[146.58572069772242,-38.713224979263],[146.58613540720683,-38.71684098931622],[146.6022014631285,-38.726818930582795],[146.60494250297359,-38.724098950771946],[146.60044756373438,-38.72441692043646],[146.5955583951307,-38.720111960043184],[146.5981896348991,-38.718177950228814],[146.60140766433565,-38.71810495046992],[146.6011066845845,-38.716507990437556],[146.60640447346447,-38.71796094084418],[146.5991763745619,-38.719499960310955],[146.60183573373536,-38.722389930528266],[146.6081274224313,-38.723899961009884],[146.61499047155135,-38.721113911508326],[146.61269437176225,-38.72272798134572],[146.6177984607229,-38.72380097173572],[146.62166665031847,-38.7214840120122],[146.6220936300094,-38.72338795205594],[146.61833450058103,-38.724180941778314],[146.62896854870928,-38.72401795257655],[146.62698564909505,-38.72374795242582]]],[[[146.46289262952288,-38.71367198008388],[146.45605158082034,-38.71301498957027],[146.45709953080015,-38.71164391963994],[146.45370255155095,-38.710438919379584],[146.44609865268455,-38.71225197882454],[146.44068968260342,-38.7208629884746],[146.43877840209612,-38.7278539183751],[146.44820751032069,-38.7286449190817],[146.4609004286466,-38.72381291999743],[146.46840062810102,-38.71730799051653],[146.47655067637965,-38.719534951137675],[146.478338476275,-38.71777699126023],[146.48377048530077,-38.717836931665715],[146.49334362270372,-38.72518093242485],[146.5019274422633,-38.71623897301092],[146.5003074626643,-38.715312952884325],[146.49626070311157,-38.71755693259596],[146.49105544452104,-38.71358398218321],[146.47836939698985,-38.71184698122629],[146.47016572823028,-38.71365596062576],[146.47005162838096,-38.71258191061069],[146.463133499623,-38.712493980094614],[146.46289262952288,-38.71367198008388]]],[[[146.84296943818387,-38.66330396838567],[146.83778038884174,-38.665421938004116],[146.83369763812965,-38.67703192776496],[146.82850967874168,-38.67952295738596],[146.83307845793567,-38.67948794773295],[146.86827058582105,-38.64617401020586],[146.87897336492952,-38.63806895097132],[146.87227054577897,-38.64079298047744],[146.86393941753943,-38.63848799982891],[146.85479434812476,-38.64684593918419],[146.8496715686691,-38.64978101881246],[146.84831939897828,-38.64921797870613],[146.84712635890693,-38.651503978629414],[146.84662162914339,-38.65031498858373],[146.84210256955606,-38.6534519382593],[146.83936547005578,-38.65333296805046],[146.84068161992917,-38.652470938145235],[146.8355984506277,-38.65410596776883],[146.83664856023537,-38.65577392785888],[146.85138261760335,-38.65594494898045],[146.85364163753053,-38.65329894913608],[146.85762933698183,-38.6520239994317],[146.85783848681334,-38.65308598945413],[146.8537896074947,-38.653376959147806],[146.8515205175501,-38.65617794899235],[146.85292233734415,-38.6558349590969],[146.84946056779668,-38.65713500884152],[146.84296943818387,-38.66330396838567]]],[[[146.81360136173927,-38.676664996236056],[146.80461251323365,-38.6774750055587],[146.79805152459528,-38.675873015051046],[146.7804413770938,-38.68094297374679],[146.7670126987832,-38.68656797276385],[146.7528834009116,-38.68964796171301],[146.75860849967407,-38.69144300215736],[146.7772075473764,-38.68330394351619],[146.7889154356332,-38.68059495438707],[146.8101324017828,-38.68129299600107],[146.82502052877493,-38.68425893714989],[146.81918640973046,-38.684901996710664],[146.82572256857802,-38.684843947206815],[146.82635040869025,-38.68303600724343],[146.82432250924512,-38.68145795707969],[146.8203873698035,-38.6825879967877],[146.80637652261686,-38.67993498570765],[146.82213264998282,-38.67863295689602],[146.81003159227313,-38.677468975969965],[146.81360136173927,-38.676664996236056]]],[[[146.72409348754508,-38.677271959460036],[146.72658147738434,-38.67498892963406],[146.72659658771786,-38.67225499961843],[146.72903339720483,-38.67291100980664],[146.73152966628777,-38.67676498001894],[146.7394665953552,-38.67289797059535],[146.73413353647123,-38.67151800018364],[146.72772552814038,-38.66718997967271],[146.72770537845898,-38.6646279496555],[146.7302196080019,-38.664717949846064],[146.72779860886217,-38.66121397964161],[146.7253074087498,-38.66572197948097],[146.72069544943218,-38.666827009139276],[146.7221156283807,-38.67333095928643],[146.720625618262,-38.67644692919296],[146.71623361888177,-38.67774597886915],[146.70989941015154,-38.67656194838354],[146.7129413893856,-38.67840100862451],[146.7152914782929,-38.683896958835675],[146.72409348754508,-38.677271959460036]]],[[[146.69663666119393,-38.68724197744791],[146.69623669082156,-38.69085197743984],[146.69841037015667,-38.69312194761777],[146.7020546397665,-38.691029977879964],[146.71294138806738,-38.6891249586902],[146.71574546781454,-38.68713199888978],[146.71493545811623,-38.685847968820724],[146.71179156853844,-38.68695398859008],[146.7085037192735,-38.68572295833428],[146.7129633986211,-38.68458896866408],[146.70998364930793,-38.68330493843121],[146.70981552951278,-38.68188095840979],[146.7117573692123,-38.681520948554216],[146.7101805700286,-38.6771559484084],[146.70818365043993,-38.67669297825479],[146.697634601464,-38.683600937500906],[146.69663666119393,-38.68724197744791]]],[[[146.23141681559872,-39.08843793522267],[146.23389392427123,-39.09569804544881],[146.23668690350664,-39.097840085667286],[146.24144771373759,-39.08883496596332],[146.2357237051085,-39.08605895552524],[146.23398170572284,-39.08358692538209],[146.23111572604319,-39.08521792518107],[146.22770568726452,-39.0802218849],[146.226384568423,-39.072624824756915],[146.2232075692096,-39.07086780451262],[146.22106162937925,-39.07266881436569],[146.22470972779192,-39.08033689468032],[146.22489481717452,-39.08515992472307],[146.2262118067746,-39.08649693482801],[146.23114879585282,-39.08673995519269],[146.23141681559872,-39.08843793522267]]],[[[146.6297285185602,-38.724130992634365],[146.6304726082739,-38.725387932698005],[146.652641424109,-38.727192984376806],[146.66799146216448,-38.72079200549361],[146.6692593922447,-38.7183019555739],[146.66348137293494,-38.72104894515543],[146.6603813936987,-38.71931697491137],[146.65113265491365,-38.72282095423649],[146.64208945648247,-38.72314396355796],[146.63859637726188,-38.7218539932873],[146.63509466765325,-38.72374301303549],[146.6297285185602,-38.724130992634365]]],[[[146.81536968360118,-38.659054976262325],[146.79851664678935,-38.65742795497323],[146.80082640656505,-38.655928015139274],[146.80885257510988,-38.65619199575],[146.8037784161609,-38.654962945357354],[146.79406342765535,-38.65680694463161],[146.78605846754922,-38.66917296410044],[146.78761763719146,-38.66983192422269],[146.79326349647604,-38.66751497463662],[146.79129034689726,-38.66693699448344],[146.79077842724772,-38.6648319944317],[146.79757954632984,-38.66249801493323],[146.79740244655522,-38.66092599491016],[146.80152337561458,-38.66262797523325],[146.80573463505243,-38.661133965543655],[146.8061155452033,-38.65936494556172],[146.81536968360118,-38.659054976262325]]],[[[146.66875971671462,-38.68259294531763],[146.67196839568427,-38.686347995582395],[146.6790286940135,-38.68974594613531],[146.68336956324953,-38.68968898646222],[146.68185938405568,-38.68530598632152],[146.67657064513983,-38.68412392591561],[146.6786294650471,-38.681899936057164],[146.6783166154611,-38.67897798601568],[146.68540645434138,-38.67784597654327],[146.67580852617502,-38.67678793581323],[146.66875971671462,-38.68259294531763]]],[[[146.70777145641503,-38.710031958427855],[146.70092244741556,-38.71179397792166],[146.70173964712782,-38.71295299799042],[146.6978786376546,-38.71424999770699],[146.6856764382134,-38.72735496686673],[146.68132044892496,-38.72786897654142],[146.67966553949063,-38.725659996403145],[146.67979153922525,-38.72763792642475],[146.68356866843098,-38.728634946715616],[146.68588955813973,-38.72764593688458],[146.7125105059087,-38.70730198876899],[146.732205353769,-38.69625899018944],[146.72582438490838,-38.69620894970685],[146.72102664548015,-38.69848693935827],[146.72131641515017,-38.70075097939404],[146.70777145641503,-38.710031958427855]]],[[[146.76332054282815,-38.659057932315605],[146.77031139131333,-38.66129201285877],[146.77438260078088,-38.659754993157776],[146.77139460145338,-38.65859697292429],[146.77187665163405,-38.65643696294757],[146.76122245391562,-38.65324799212112],[146.75661049465305,-38.65389897177598],[146.7568113940708,-38.65833893181841],[146.76332054282815,-38.659057932315605]]],[[[146.3217068824459,-39.144554442221526],[146.3257968913836,-39.14719344253993],[146.32931176123535,-39.14319341277579],[146.3291407217453,-39.13926638273941],[146.32762878191053,-39.14015538263294],[146.32469973267357,-39.13824536240477],[146.31935982361753,-39.138429382011005],[146.31207781538356,-39.13475234145051],[146.31732089356012,-39.141927401881375],[146.3217068824459,-39.144554442221526]]],[[[145.33784981541982,-38.49380646750084],[145.3362468456763,-38.49405749739031],[145.33296399564617,-38.49947956719393],[145.33567299489536,-38.50185751739781],[145.34017096404583,-38.50229848771496],[145.34605698227392,-38.50870242816567],[145.3456849028612,-38.50410241811157],[145.34335795332882,-38.50362645794592],[145.34216488403456,-38.499267427835875],[145.33720084532618,-38.495652487466714],[145.33784981541982,-38.49380646750084]]],[[[146.2391694625934,-39.01909348537383],[146.23960052236907,-39.02030550541289],[146.23641159269982,-39.02232454519041],[146.2425245813252,-39.024576495653996],[146.2422846210558,-39.027160515651985],[146.2383137216153,-39.028454555367496],[146.2414396909088,-39.02963454560475],[146.24624356068284,-39.02434346592641],[146.2439255212962,-39.02272849574596],[146.24178742238468,-39.016917435553374],[146.2391694625934,-39.01909348537383]]],[[[146.6219024767579,-38.750206962205546],[146.62787956593044,-38.748274932643014],[146.63469937459027,-38.74930192316205],[146.6407524238417,-38.746618923600934],[146.64256859344866,-38.74718693374103],[146.64047951418624,-38.744205953565654],[146.63102269543336,-38.747765002876186],[146.62349869675606,-38.74790297231142],[146.6219024767579,-38.750206962205546]]],[[[146.22391772130797,-38.9697002039525],[146.2241868009618,-38.972167233987236],[146.23382860975426,-38.96779712467003],[146.2305716405565,-38.96600615441953],[146.2239927316583,-38.966685183939745],[146.22391772130797,-38.9697002039525]]],[[[146.6260514731366,-38.69209494216192],[146.62685750324414,-38.69004592220996],[146.62185459353998,-38.6948929618636],[146.63017455170564,-38.697799962506785],[146.63403844109087,-38.69721299279372],[146.62830757238348,-38.69497297234913],[146.6260514731366,-38.69209494216192]]],[[[146.5443994813409,-38.74382397635429],[146.54801068049275,-38.74550292663483],[146.55287244988978,-38.74334894698562],[146.553355600089,-38.74101191700751],[146.54674059103627,-38.742902916523875],[146.54614371129782,-38.741630946471425],[146.5489556710192,-38.73980997667077],[146.54592843157238,-38.739694956443486],[146.5443994813409,-38.74382397635429]]],[[[146.51396642644642,-38.91019539509277],[146.51298140683934,-38.90842738500842],[146.51126046708677,-38.908926424882885],[146.50622262734407,-38.91420359453867],[146.51322047622173,-38.91312343505484],[146.51396642644642,-38.91019539509277]]],[[[146.66207215844187,-38.92209989627604],[146.65907218899167,-38.92199985604949],[146.6612422579881,-38.92698040624323],[146.66562214740455,-38.92535018656324],[146.66207215844187,-38.92209989627604]]],[[[146.60874773715378,-38.68438492081467],[146.6060657177427,-38.68346494060765],[146.59850138881956,-38.685649950053175],[146.60698661722645,-38.68634997069446],[146.60874773715378,-38.68438492081467]]],[[[146.2374241319893,-39.109256215790495],[146.2382621317446,-39.11002420585682],[146.24135708142842,-39.10801519607251],[146.23851602221922,-39.10573116584957],[146.23663398313886,-39.100953115682195],[146.2355200728612,-39.104905155624095],[146.2374241319893,-39.109256215790495]]],[[[146.74072945584388,-38.66710601065537],[146.73829260602824,-38.66912093048343],[146.74366055495057,-38.67014001089566],[146.74814041429406,-38.66901698122767],[146.74072945584388,-38.66710601065537]]],[[[146.2345072719002,-39.11434226560654],[146.23407828179825,-39.11582328558391],[146.2371262910132,-39.11774930581986],[146.23932220103677,-39.114279255960525],[146.2385571614694,-39.11185324588958],[146.2345072719002,-39.11434226560654]]],[[[146.73163369746808,-38.667018979967075],[146.7362096564251,-38.66889899032455],[146.73723636647904,-38.666980000390424],[146.7316826380551,-38.66217499994107],[146.72903558858488,-38.661684949737996],[146.73163369746808,-38.667018979967075]]],[[[146.77757255042857,-38.65802500338888],[146.77905539990792,-38.66011598351406],[146.7829833794614,-38.65808899379935],[146.77574448094123,-38.65649502324097],[146.77287062126769,-38.65798001303233],[146.77757255042857,-38.65802500338888]]],[[[146.67633226345276,-38.94180143747038],[146.67810222296612,-38.94317143761215],[146.67896216310984,-38.940761407662315],[146.67467221430894,-38.937281297317774],[146.67337226434302,-38.93889144722959],[146.67633226345276,-38.94180143747038]]],[[[146.55175358489345,-38.70396694666108],[146.56172560298359,-38.70508599741468],[146.5608454033485,-38.7033779773383],[146.55730442388915,-38.70410797707757],[146.55373863473508,-38.70237096679993],[146.55175358489345,-38.70396694666108]]],[[[146.5098676098751,-38.72425095365287],[146.5122036494612,-38.724234933827276],[146.51684041902274,-38.72105694415428],[146.50962244023316,-38.721667943618776],[146.5098676098751,-38.72425095365287]]],[[[146.7456384136344,-38.67798097109332],[146.74388269416423,-38.67620799094964],[146.74489644418045,-38.67461499101656],[146.73972468454517,-38.67910795065292],[146.74392156375959,-38.679438970972384],[146.7456384136344,-38.67798097109332]]],[[[146.75806848180792,-38.67490298201511],[146.75606868245046,-38.67256695184941],[146.75361636252072,-38.67552893168196],[146.75529145210453,-38.676495001814665],[146.762446441269,-38.672972932334744],[146.75806848180792,-38.67490298201511]]],[[[146.80323945487729,-38.66613599538497],[146.80941561378862,-38.666083975853404],[146.82167148237002,-38.65997899674658],[146.81162065356227,-38.66475097601263],[146.80323945487729,-38.66613599538497]]],[[[146.65121256102083,-38.67287600393676],[146.65562549024003,-38.67285493426881],[146.6548457007958,-38.66944798418924],[146.65195673115295,-38.670718953979545],[146.65121256102083,-38.67287600393676]]],[[[146.69235658930623,-38.70879697725699],[146.6919224592484,-38.70989596723096],[146.69334263893737,-38.710372967341016],[146.69996954786225,-38.70953795783592],[146.69478949909254,-38.70701793742964],[146.69257044940895,-38.70765198726612],[146.6957514186043,-38.70959996751801],[146.69291748906343,-38.70996193730643],[146.69235658930623,-38.70879697725699]]],[[[146.56503366130224,-38.714042967717276],[146.56764652061446,-38.715869977924214],[146.57244746986672,-38.71499895827867],[146.56659962113036,-38.71316899782926],[146.56503366130224,-38.714042967717276]]],[[[146.5675277129142,-38.697198947801105],[146.5630964637039,-38.697182927469015],[146.56710759278062,-38.69890597778007],[146.57112843213142,-38.69836793807807],[146.5702716325543,-38.696150978000304],[146.5675277129142,-38.697198947801105]]],[[[146.24028222068662,-39.11573428603999],[146.24349122989375,-39.1174842862868],[146.24227516053568,-39.114006256176275],[146.239916200878,-39.114702256006815],[146.24028222068662,-39.11573428603999]]],[[[146.67983243118945,-38.95503162781471],[146.6842923305417,-38.95380153814353],[146.68076234132812,-38.95256155786981],[146.67983243118945,-38.95503162781471]]],[[[146.5940024692591,-38.688594949733584],[146.5877986001451,-38.690366949278996],[146.5886435098108,-38.691874999351604],[146.5940024692591,-38.688594949733584]]],[[[146.36787963092826,-38.841903263805314],[146.3684917005447,-38.844164283864444],[146.37065564020497,-38.84377219402248],[146.37093256047635,-38.841124154026886],[146.36787963092826,-38.841903263805314]]],[[[146.70509195706788,-38.95173142970035],[146.70742189681482,-38.950401389868176],[146.7046219174914,-38.9489913696482],[146.70346193754958,-38.95020138956798],[146.70509195706788,-38.95173142970035]]],[[[146.8740615265642,-38.6318900105592],[146.8756343865256,-38.629952950667125],[146.8722744868289,-38.63230698042565],[146.87673237606234,-38.6321249907641],[146.87867136619013,-38.62832097088846],[146.87656356613815,-38.631754010748956],[146.8740615265642,-38.6318900105592]]],[[[145.28914276844372,-38.45510191386414],[145.29648495714477,-38.45506284437585],[145.29355492778723,-38.453977894164886],[145.28914276844372,-38.45510191386414]]],[[[146.57327869144427,-38.700865998254514],[146.5723844716823,-38.700217998183525],[146.57132356131075,-38.7048079981321],[146.5744443908287,-38.704210928362365],[146.57327869144427,-38.700865998254514]]],[[[146.7248815265213,-38.68445900956361],[146.72389043680184,-38.683608949483514],[146.7190394374657,-38.68521293912684],[146.72195940682312,-38.686222999353625],[146.7248815265213,-38.68445900956361]]],[[[146.65343271201834,-38.66151295403425],[146.65800937154236,-38.658768934361994],[146.65546744200032,-38.65871197417027],[146.65343271201834,-38.66151295403425]]],[[[146.52876471789932,-38.71285695499545],[146.53158966703927,-38.71579096522464],[146.53644172609233,-38.716476945591744],[146.52876471789932,-38.71285695499545]]],[[[146.64221148097772,-38.68627897334152],[146.6428216907372,-38.687357983394044],[146.6448776603158,-38.687816983551535],[146.64279756081362,-38.6867689233886],[146.6437325108985,-38.6847199934464],[146.64801757029903,-38.68340094376076],[146.64973259983026,-38.684740953898036],[146.65110853974113,-38.683473943993846],[146.64911162015272,-38.6830090038407],[146.64600051064488,-38.6835019336096],[146.64336638099223,-38.68448599341741],[146.64221148097772,-38.68627897334152]]],[[[146.72788645596648,-38.684632979791786],[146.72964648547665,-38.68607493993364],[146.73276263503504,-38.68516793016363],[146.72788645596648,-38.684632979791786]]],[[[146.68922748965696,-38.71046900703119],[146.68892544977447,-38.70994896700524],[146.68731949000602,-38.7103879968868],[146.6885996499602,-38.7089089369743],[146.68712651011268,-38.70979895686864],[146.68691955000745,-38.71095499686011],[146.68924945946617,-38.71198999704216],[146.68922748965696,-38.71046900703119]]],[[[146.27678116561165,-38.772367546646215],[146.27966908520145,-38.77149050685387],[146.27693610574403,-38.771037526649536],[146.27678116561165,-38.772367546646215]]],[[[146.46391758663597,-38.735945910296344],[146.4641904563566,-38.73784599032829],[146.4659785561708,-38.73675294045485],[146.46452742663237,-38.73508092033651],[146.46391758663597,-38.735945910296344]]],[[[146.7568884023347,-38.672326001909994],[146.75786868208704,-38.67292496198786],[146.7609513618878,-38.670103012203946],[146.75894759224877,-38.67005801205196],[146.7568884023347,-38.672326001909994]]],[[[146.7274616667663,-38.67874399972358],[146.72995250635964,-38.67845599991008],[146.72937467666245,-38.67682799985642],[146.7274616667663,-38.67874399972358]]],[[[146.7512835730482,-38.674606981499764],[146.74837043332312,-38.67657194129138],[146.75068563295193,-38.67625002146459],[146.7512835730482,-38.674606981499764]]],[[[146.5262994348424,-38.741546974986505],[146.5284407445534,-38.74078899514197],[146.52704140488405,-38.740120925033246],[146.5262994348424,-38.741546974986505]]],[[[145.10991564307935,-38.51955958182872],[145.11216860278424,-38.51860959197834],[145.1095306332777,-38.51839859179509],[145.10991564307935,-38.51955958182872]]],[[[146.74818538495273,-38.663600961197865],[146.74677060515666,-38.66398300109317],[146.74969345459715,-38.66431700131636],[146.74818538495273,-38.663600961197865]]],[[[146.70136343845795,-38.70267696789911],[146.70439465797952,-38.702188018124914],[146.70268068836774,-38.701506977991386],[146.70136343845795,-38.70267696789911]]],[[[146.69003749116496,-38.69702092700996],[146.68807657156464,-38.6966029768595],[146.68688068150908,-38.69878491678268],[146.69003749116496,-38.69702092700996]]],[[[146.60759353786767,-38.68022198070252],[146.60593752803385,-38.68126895058458],[146.60792546763525,-38.68164100073613],[146.60759353786767,-38.68022198070252]]]]}}